platform,platform_label,device_kind,energy_domain,problem_size,num_threads,configuration,session_count,runtime_per_op_s_median,runtime_per_op_s_min,runtime_per_op_s_max,runtime_per_op_s_robust_cv_pct,total_energy_per_op_j_median,total_energy_per_op_j_min,total_energy_per_op_j_max,total_energy_per_op_j_robust_cv_pct,edp_total_j_s_median,edp_total_j_s_min,edp_total_j_s_max,edp_total_j_s_robust_cv_pct,throughput_gflops_median,throughput_gflops_min,throughput_gflops_max,throughput_gflops_robust_cv_pct,energy_efficiency_gflop_per_j_median,energy_efficiency_gflop_per_j_min,energy_efficiency_gflop_per_j_max,energy_efficiency_gflop_per_j_robust_cv_pct,avg_power_w_median,avg_power_w_min,avg_power_w_max,avg_power_w_robust_cv_pct,temp_c_median,temp_c_min,temp_c_max,temp_c_robust_cv_pct,sm_clock_mhz_median,sm_clock_mhz_min,sm_clock_mhz_max,sm_clock_mhz_robust_cv_pct,selected_campaign
AMD,AMD Threadripper 3970X,CPU,CPU package RAPL plus DRAM RAPL when available,1,1,1T,5,0.0580188854166666,0.0580151655555555,0.0581754355,0.0095056394891562,4.513918666666667,4.486186416666667,4.543865027777777,0.7929449035265377,0.2629295657354549,0.2605059641022819,0.2636276862991998,0.3936543024034026,127.52319329275122,127.18000741987368,127.53136490783416,0.009500418087994,1.6390987373552943,1.62829636838044,1.6492299817530287,0.7888482632746467,77.48862506815888,77.270132325003,78.31768735115799,0.4180450236637562,74.0,73.0,75.0,1.001756756756757,-1.0,-1.0,-1.0,0.0,20260729_005653
AMD,AMD Threadripper 3970X,CPU,CPU package RAPL plus DRAM RAPL when available,1,2,2T,5,0.0291960060857142,0.0291425563285714,0.02946561675,0.2714227751129905,2.8118081,2.804518485714285,2.828553838235294,0.3511140955885328,0.0820693290249946,0.0818134033654036,0.0833267997537521,0.423355694938083,253.41659305113416,251.0978247254022,253.88137601744373,0.2719187475271138,2.631317461777913,2.615738021853006,2.638154213080337,0.3517993387004331,96.10978708190312,96.01935069020467,96.68773945851576,0.1395081587454306,75.0,73.5,76.0,0.9884,-1.0,-1.0,-1.0,0.0,20260729_005653
AMD,AMD Threadripper 3970X,CPU,CPU package RAPL plus DRAM RAPL when available,1,4,4T,5,0.0143660886785714,0.0142842697183098,0.0146634432647058,0.7487323358266945,1.9024574859154928,1.8894892605633804,1.9706547279411764,0.4238794563353523,0.0272527302068629,0.0270129126453496,0.0289051390724505,1.2081737497607097,515.015728537481,504.5747133164559,517.9650760043819,0.7451569567149012,3.8890502252790258,3.754626698312349,3.915741915877633,0.4250870466298428,132.16346908958172,131.88421769179718,134.10362959015822,0.3132621481619451,74.0,72.0,75.5,2.0035135135135134,-1.0,-1.0,-1.0,0.0,20260729_005653
AMD,AMD Threadripper 3970X,CPU,CPU package RAPL plus DRAM RAPL when available,1,8,8T,5,0.0071988618273381,0.0071788566985815,0.0074625046691176,0.2184915049387348,1.436976713768116,1.4338982517730496,1.452618088235294,0.0749456793473687,0.0103512420215695,0.0102922759227444,0.0108403781651382,0.1437831594632764,1027.766991211303,991.4569734254014,1030.631016038571,0.2181685561774707,5.1488324289637175,5.093391247736157,5.159886518147293,0.0749087342792376,199.58041933818768,194.6593214286245,199.6911385425788,0.0822486960267059,78.0,77.0,80.0,1.9007692307692303,-1.0,-1.0,-1.0,0.0,20260729_005653
AMD,AMD Threadripper 3970X,CPU,CPU package RAPL plus DRAM RAPL when available,1,10,10T,5,0.0058883297836257,0.0058700075906432,0.0058939934415204,0.1426030725739322,1.3504036666666668,1.3501271470588234,1.351070736842105,0.0236920375556674,0.0079477233642794,0.007929114796313,0.0079591157626208,0.1508489252372053,1256.5115183729167,1255.3037865378217,1260.4335303457503,0.1425043218888209,5.478918969464542,5.476213863433473,5.480041127517589,0.0237018024123771,229.28844278433377,229.12275639337287,230.01987479667312,0.1071343327451017,81.0,78.0,83.0,1.8303703703703704,-1.0,-1.0,-1.0,0.0,20260729_005653
AMD,AMD Threadripper 3970X,CPU,CPU package RAPL plus DRAM RAPL when available,1,16,16T,5,0.0037927238890977,0.0037770876254681,0.0038580443110687,0.4587549429879916,1.0872644022556393,1.083281168539326,1.1069941354961832,0.4195478111088104,0.0041234007463935,0.0040910437414611,0.0042708324140829,0.8576207281781953,1950.775372052148,1917.746870912542,1958.8511407763715,0.4604503127750696,6.804924832382298,6.683641784562575,6.829946772206899,0.4208061984128549,286.791495932691,286.69366332944367,286.9021553319085,0.0505756340866431,85.0,83.5,87.0,1.7442352941176469,-1.0,-1.0,-1.0,0.0,20260729_005653
AMD,AMD Threadripper 3970X,CPU,CPU package RAPL plus DRAM RAPL when available,1,20,20T,5,0.0031414105815047,0.0031185019617737,0.0031749605747663,1.0544353068362704,0.9009298228840126,0.8949713119266055,0.9105097881619938,0.980552327280328,0.0028301906321943,0.0027909710996863,0.0028908332995081,2.054521636629536,2355.23265246464,2330.345751419155,2372.535218113012,1.046987856422766,8.212351702758117,8.125945535023003,8.267031149217619,0.9871441245463424,286.9578861795057,286.8582663627435,286.9849694569715,0.0139928780858114,81.0,77.5,84.0,1.8303703703703704,-1.0,-1.0,-1.0,0.0,20260729_005653
AMD,AMD Threadripper 3970X,CPU,CPU package RAPL plus DRAM RAPL when available,1,32,32T,5,0.0021982584226579,0.0021745035450733,0.0022574656166666,0.3966863112912115,0.5786336383442265,0.570695501048218,0.6025998933333333,0.491691503939778,0.0012720885942809,0.0012417572818275,0.0013607995767663,0.8989105176587464,3365.733611726508,3277.459595482553,3403.0918734311485,0.3977516249513569,12.786592043884731,12.278051385612606,12.96679459464804,0.4933605698225654,263.16936510167466,261.3509721353185,266.96275147402923,0.3824139364054096,67.0,62.0,68.0,2.2128358208955223,-1.0,-1.0,-1.0,0.0,20260729_005653
AMD,AMD Threadripper 3970X,CPU,CPU package RAPL plus DRAM RAPL when available,1,64,64T,5,0.0022112709112554,0.0022079526612554,0.0022258045065502,0.2224800871281186,0.5902663311688312,0.5890114761904761,0.5940676484716158,0.315187889376181,0.0013048297345362,0.0013004936858841,0.0013222785952608,0.4926792792487554,3345.928148168002,3324.080135288764,3350.9561422257752,0.2227933075650901,12.534600576376342,12.45439738272528,12.561305019544712,0.315861739671595,266.8463417738949,266.68041887907714,267.0059794801922,0.0460510870004215,70.0,68.5,72.0,2.118,-1.0,-1.0,-1.0,0.0,20260729_005653
AMD,AMD Threadripper 3970X,CPU,CPU package RAPL plus DRAM RAPL when available,2,1,1T,5,0.0337962657833333,0.0331027169354838,0.0347679991896551,2.906328305687952,2.5258530500000003,2.467677564516129,2.613124551724137,2.231226950858773,0.0853674391548843,0.0816601832589367,0.0908467993881256,5.441295732680368,109.46110151336194,106.40175537701164,111.7544561592836,2.8504627618348573,1.4646054486008,1.4156907353937505,1.499132762144581,2.198074187249594,74.65409722663824,74.2778435261633,75.1673605926797,0.3193903266275548,70.5,68.0,71.5,1.0514893617021277,-1.0,-1.0,-1.0,0.0,20260729_005653
AMD,AMD Threadripper 3970X,CPU,CPU package RAPL plus DRAM RAPL when available,2,2,2T,5,0.016445322,0.0160600796349206,0.0167736118166666,2.951392327497926,1.51065818852459,1.4894659761904765,1.5491266833333337,1.6693217519359609,0.0248261308035333,0.0239304901796024,0.0259844503083564,4.638187730404598,224.95005904185533,220.5473795142967,230.34607081579415,2.901716361116397,2.4488505453072813,2.388041615683361,2.483693010953564,1.6507351794810416,92.45447955649546,91.1758411936315,93.5500015772172,0.7985696125159667,74.0,70.0,74.0,0.0,-1.0,-1.0,-1.0,0.0,20260729_005653
AMD,AMD Threadripper 3970X,CPU,CPU package RAPL plus DRAM RAPL when available,2,4,4T,5,0.0075068488571428,0.0074696011925925,0.0075338699210526,0.5336650586019731,0.9603028421052632,0.955321351851852,0.9621917388059702,0.2916244882009061,0.0072173419232179,0.0071367155789688,0.0072360285282069,0.3838637666264128,492.800213409462,491.0326574713654,495.25756861297793,0.5317729908620477,3.852301626829148,3.844739046966851,3.872389244669774,0.2910540759776638,127.98004154986369,127.54450440021604,128.1268524451403,0.0925082182004441,74.0,72.5,76.0,0.0,-1.0,-1.0,-1.0,0.0,20260729_005653
AMD,AMD Threadripper 3970X,CPU,CPU package RAPL plus DRAM RAPL when available,2,8,8T,5,0.0038291366278195,0.0037782337817164,0.0038571076509803,0.529670283812724,0.7276963679245283,0.7224858582089553,0.732488174509804,0.3168980182893113,0.0027802654705793,0.0027293363606084,0.0028241379974863,0.8539683247415263,966.1123610834696,959.1062843939096,979.1284726157212,0.5277570086755438,5.083681088832568,5.050424389336719,5.12034401820526,0.3175716009315045,189.8552015004529,189.3980379849892,191.13308089113724,0.3570039812814363,78.0,77.0,80.5,1.9007692307692303,-1.0,-1.0,-1.0,0.0,20260729_005653
AMD,AMD Threadripper 3970X,CPU,CPU package RAPL plus DRAM RAPL when available,2,10,10T,5,0.0031099920869565,0.0030635173039513,0.0032881111188925,0.4418234466517069,0.6817055,0.6749991717325228,0.6971529560260586,1.026281890162384,0.0021216440558077,0.0020679244296421,0.0022933131415633,1.332255755355105,1189.5130356141133,1125.076376807082,1207.5586593411333,0.4405081281321221,5.426651005834332,5.306406039393869,5.480563971789443,1.018996709863472,219.5064286386562,211.85579463669237,220.3403525223428,0.5632525469169849,80.0,78.0,81.0,1.85325,-1.0,-1.0,-1.0,0.0,20260729_005653
AMD,AMD Threadripper 3970X,CPU,CPU package RAPL plus DRAM RAPL when available,2,16,16T,5,0.0019994620266798,0.0019744041585127,0.0019999795925196,0.0383774787373959,0.5726117303149607,0.5663540430528375,0.5733243954183267,0.1285053705664635,0.0011450699887862,0.0011182126847308,0.0011466347979778,0.2026064895835727,1850.18573947802,1849.707396477338,1873.6690804203345,0.0383308182351132,6.460531531856172,6.452500874384523,6.531918477584613,0.128393108980331,286.55038820481434,286.42611040856315,286.7996750046529,0.0643008239759634,88.0,85.5,90.0,2.52715909090909,-1.0,-1.0,-1.0,0.0,20260729_005653
AMD,AMD Threadripper 3970X,CPU,CPU package RAPL plus DRAM RAPL when available,2,20,20T,5,0.0016444488265802,0.0016381499104838,0.0016507638390804,0.4608614403642444,0.4716930081037277,0.4699199072580645,0.4735883768472906,0.3993374771698637,0.0007756750110339,0.0007697147662862,0.0007817825502721,0.8354852593113349,2249.614623714696,2241.010143258477,2258.264845975504,0.4623046014235622,7.842763772974162,7.811380897647291,7.8723551126646,0.4004006333098784,286.86547553692867,286.68657563713043,286.92661230465166,0.0315971699474965,82.5,82.0,83.5,0.8985454545454545,-1.0,-1.0,-1.0,0.0,20260729_005653
AMD,AMD Threadripper 3970X,CPU,CPU package RAPL plus DRAM RAPL when available,2,32,32T,5,0.0011579776864988,0.0011487157757644,0.0011717563662053,0.909076004674832,0.3157316819221968,0.3122353233295583,0.3202133016147636,1.4303547617147043,0.0003656102609874,0.000358614346604,0.000375211974125,2.251138436206803,3194.686896914987,3157.120578014538,3220.445990564818,0.9147072067759888,11.71684319261742,11.552849658112583,11.848038500979891,1.4441941907884968,272.45141762693095,271.74655016139167,273.2906520863262,0.3311486997043509,70.0,68.0,77.5,4.236,-1.0,-1.0,-1.0,0.0,20260729_005653
AMD,AMD Threadripper 3970X,CPU,CPU package RAPL plus DRAM RAPL when available,2,64,64T,5,0.001190527613744,0.0010936742459283,0.0011953703208333,0.3226298049005041,0.3022220253537735,0.2820796406080347,0.3040798785714286,0.3645354646852958,0.0003594420046951,0.0003085328396785,0.0003635288954149,0.5252533648204081,3107.341804046895,3094.753230437057,3382.52102193882,0.3233517530314842,12.240590871899824,12.16580410903142,13.114652105842184,0.365432612292503,254.3251383528488,252.67849770135143,257.9065256763939,0.1342390577490303,70.0,69.0,71.0,2.118,-1.0,-1.0,-1.0,0.0,20260729_005653
AMD,AMD Threadripper 3970X,CPU,CPU package RAPL plus DRAM RAPL when available,3,1,1T,5,0.0310757721666666,0.0307188907424242,0.0312685356093749,0.8912189225042141,2.372895015151516,2.317047969696969,2.388840171875,0.9058944974586264,0.0737713340939017,0.071144329177135,0.0746955716964811,1.8264052318183868,119.04374865209746,118.3098741716499,120.42676201276726,0.8966006771163093,1.5590141516334757,1.5486114239067128,1.5965903392829,0.9115173259053048,76.35326773485343,75.40891184875784,76.4634052439845,0.1378469112412115,73.0,68.0,78.0,2.030958904109589,-1.0,-1.0,-1.0,0.0,20260729_005653
AMD,AMD Threadripper 3970X,CPU,CPU package RAPL plus DRAM RAPL when available,3,2,2T,5,0.0149275039626865,0.014895014117647,0.0149551378731343,0.1203593362491814,1.4271104626865672,1.4193148676470586,1.4291365895522388,0.2104907622490377,0.0213005112076088,0.0211407179289508,0.021354554499031,0.3497530768158806,247.82293222383063,247.3649433185691,248.36343990786787,0.1203285444880198,2.592214423551658,2.588540715807746,2.606452265341684,0.2101152995538576,95.38920984159635,95.25023455017254,95.72949998188966,0.2160042707211153,76.0,73.0,77.0,1.9507894736842104,-1.0,-1.0,-1.0,0.0,20260729_005653
AMD,AMD Threadripper 3970X,CPU,CPU package RAPL plus DRAM RAPL when available,3,4,4T,5,0.007419971537037,0.0073980577335766,0.0074868937164179,0.2063343237792252,0.9717812888888888,0.9672402591240876,0.9802459777777778,0.6928030829850682,0.0072104369054,0.007156666332248,0.0073297275746861,1.105623040616348,498.57012395106005,494.1137734075962,500.04693956219467,0.2060085944554441,3.806799642605017,3.773926718653226,3.8246714524578858,0.6960372957724483,130.86562594611507,130.57450632856006,131.8783708268843,0.1386657976164164,76.0,73.0,78.0,1.9507894736842104,-1.0,-1.0,-1.0,0.0,20260729_005653
AMD,AMD Threadripper 3970X,CPU,CPU package RAPL plus DRAM RAPL when available,3,8,8T,5,0.0037727315770676,0.0037482164448669,0.0037974032677902,0.5510203369903794,0.7390405582706767,0.7368489657794677,0.7415470299625468,0.2506592318112901,0.0027881788623906,0.0027613637448329,0.0028162020543787,0.7120734064267406,980.5564441434716,974.1857459542776,986.9697210729946,0.5489770818726024,5.0056469918987245,4.98872892320731,5.020535149326106,0.2510839908032378,195.7016509736878,195.28756246824992,196.55056168316796,0.3083197738090376,80.0,78.0,81.0,1.85325,-1.0,-1.0,-1.0,0.0,20260729_005653
AMD,AMD Threadripper 3970X,CPU,CPU package RAPL plus DRAM RAPL when available,3,10,10T,5,0.0031042082962962,0.0030963210139751,0.0031119479006211,0.1561318247085816,0.6967087593167702,0.6962265309597523,0.6978329210526315,0.0630220033148273,0.0021627524008282,0.0021596324389958,0.0021686158505787,0.2138781772230862,1191.7293526842243,1188.7655816915394,1194.7651741431423,0.1563439118250977,5.309788456897319,5.301237235602042,5.31346640400375,0.0629776273997857,224.5153646989791,223.8940232741936,225.0803692416944,0.0998524311944331,81.0,80.0,81.5,0.0,-1.0,-1.0,-1.0,0.0,20260729_005653
AMD,AMD Threadripper 3970X,CPU,CPU package RAPL plus DRAM RAPL when available,3,16,16T,5,0.0019796545701581,0.0019721418532289,0.0019841292411417,0.09447647196549,0.5679677262845849,0.5653788600782779,0.5689209616141733,0.2315492439976393,0.0011245750034373,0.001115067843191,0.0011293445185177,0.3225195615719624,1868.6978142828943,1864.48346786898,1875.8165478547849,0.0945543026552538,6.5133562476119184,6.502443729077411,6.543186731467004,0.231911105178208,286.78347940458445,286.6554567474759,286.8867572423347,0.0263707073206052,87.0,84.0,88.0,1.7041379310344826,-1.0,-1.0,-1.0,0.0,20260729_005653
AMD,AMD Threadripper 3970X,CPU,CPU package RAPL plus DRAM RAPL when available,3,20,20T,5,0.0016642344595041,0.0016623049852216,0.0016710450281923,0.171889156292519,0.477626873553719,0.4770452536945813,0.479468960199005,0.180540428293264,0.0007948831013302,0.0007929948552644,0.0008012142315226,0.3521918647354419,2222.869771808557,2213.809962029483,2225.450237637964,0.1721107861198088,7.745326598745413,7.715571220695043,7.754770976822462,0.1807830148737813,286.93305624135496,286.8769574226217,286.9763724169022,0.0117635552385031,82.0,81.0,83.0,1.8080487804878047,-1.0,-1.0,-1.0,0.0,20260729_005653
AMD,AMD Threadripper 3970X,CPU,CPU package RAPL plus DRAM RAPL when available,3,32,32T,5,0.0011554848568985,0.0011533112657502,0.0011589704425287,0.1361751877058213,0.3091019224629418,0.3083003516609393,0.3106508977011494,0.3602528903760443,0.0003571627377296,0.0003556245036189,0.0003600842998183,0.4277745936425581,3201.579810046808,3191.9504328765697,3207.612929836672,0.1362947497866092,11.968152107323853,11.908468001278138,11.999260213454807,0.3610633761125352,267.5751818174992,267.1071664290154,267.8599332237915,0.0680250207520915,68.0,66.5,78.5,3.270441176470588,-1.0,-1.0,-1.0,0.0,20260729_005653
AMD,AMD Threadripper 3970X,CPU,CPU package RAPL plus DRAM RAPL when available,3,64,64T,5,0.0011875674852594,0.0011279535127635,0.0011930877285714,0.6891661177954574,0.2996115106257379,0.2980621666666666,0.3020654321428571,0.4910723366356054,0.0003545213331255,0.0003389267742504,0.0003604989721195,1.6351354939456706,3115.0870835604355,3100.6740491885303,3279.7240448536795,0.6859764811249836,12.347243002729131,12.246936377731622,12.411427648945988,0.4894504776309845,253.067928759784,250.94052818415184,266.6345571804818,0.9759839953682508,67.5,65.5,73.0,4.392888888888889,-1.0,-1.0,-1.0,0.0,20260729_005653
AMD,AMD Threadripper 3970X,CPU,CPU package RAPL plus DRAM RAPL when available,4,1,1T,5,0.0304817714848484,0.03029602775,0.0306895601515151,0.5419395479757884,2.3210360909090912,2.304122029411764,2.339389621212121,0.2895838053828651,0.0707901557717341,0.069765417385237,0.0717535829031511,0.8908101467816658,121.36356210164524,120.54184432146764,122.10763424747756,0.5399753032602945,1.593847218619064,1.5813430481724535,1.6055469842289876,0.2901382582453379,76.06053207516692,75.91981380826745,76.3082914006861,0.1266168832087962,74.0,72.0,77.0,2.0035135135135134,-1.0,-1.0,-1.0,0.0,20260729_005653
AMD,AMD Threadripper 3970X,CPU,CPU package RAPL plus DRAM RAPL when available,4,2,2T,5,0.0151544456515151,0.0151129404166666,0.0151836089621212,0.2853124772678663,1.427058318181818,1.4200666194029852,1.4307483582089553,0.3833657864244909,0.0216458119265154,0.0215149332085505,0.021659705210691,0.095160131616847,244.11166003157712,243.64276644873223,244.78220659329776,0.2847801804452523,2.592313301951034,2.585629966400972,2.60507227126668,0.3822344034983987,94.23050861535124,93.58179649738535,94.61284947905868,0.3844313512697297,76.0,74.0,76.0,0.0,-1.0,-1.0,-1.0,0.0,20260729_005653
AMD,AMD Threadripper 3970X,CPU,CPU package RAPL plus DRAM RAPL when available,4,4,4T,5,0.0075973408947368,0.0075250045112781,0.0076136625076335,0.3185117479390651,0.967936030075188,0.9625348120300752,0.9698288270676692,0.2080434988717628,0.0073641295410768,0.0072712084172379,0.0073819456075349,0.3586859788849989,486.9304947930751,485.8875743840697,491.6113727007569,0.3175471273468996,3.821922150236301,3.814463276369129,3.843368657372277,0.2077518246456664,127.37112734045256,127.2426494892352,128.65489424172262,0.1495482266603099,74.5,74.0,77.0,0.9950335570469798,-1.0,-1.0,-1.0,0.0,20260729_005653
AMD,AMD Threadripper 3970X,CPU,CPU package RAPL plus DRAM RAPL when available,4,8,8T,5,0.003864740007722,0.0038329387137404,0.0039031048158914,0.7849972920236824,0.7295719343629343,0.7266441393129771,0.7333524689922482,0.4132997098697429,0.0028206703390013,0.0027886090580078,0.0028661644809711,1.4105627276141528,957.2122796281652,947.8034797512346,965.1540336026416,0.7891576832040281,5.070611894380483,5.04447222565183,5.091042416234277,0.4144550807660534,188.8515654322137,187.8795924966808,189.91716788149705,0.1528457424293999,80.0,79.0,80.0,0.0,-1.0,-1.0,-1.0,0.0,20260729_005653
AMD,AMD Threadripper 3970X,CPU,CPU package RAPL plus DRAM RAPL when available,4,10,10T,5,0.003130842965625,0.0031235080403726,0.0031516964638364,0.3473428817255355,0.6806244565217391,0.6788270140624999,0.683762606918239,0.3023501967319797,0.0021275305677772,0.0021222542906173,0.0021550900523326,0.3676848942029651,1181.591094973283,1173.7729787889411,1184.366870195844,0.3482900609590507,5.435268482390439,5.410322371900859,5.449659781047329,0.3017560139404637,217.00384362466352,216.68408163265136,217.89658846521664,0.0755361231945966,80.5,78.0,82.0,0.9208695652173912,-1.0,-1.0,-1.0,0.0,20260729_005653
AMD,AMD Threadripper 3970X,CPU,CPU package RAPL plus DRAM RAPL when available,4,16,16T,5,0.0020041032748015,0.0019856445891089,0.002091580921875,0.5589414515662141,0.574994626984127,0.5694520960396039,0.5996521614583332,0.6427701803822209,0.0011525239522293,0.0011309393467061,0.0012539730135963,1.1952250937776927,1845.9012407961427,1768.6985429068088,1863.0606838580832,0.5610328145008027,6.4337582979681525,6.169205976512764,6.496378292696178,0.6455564650729486,286.7667896118324,286.5546636457722,286.88059820107424,0.0588396636299311,88.5,87.0,89.0,0.8376271186440677,-1.0,-1.0,-1.0,0.0,20260729_005653
AMD,AMD Threadripper 3970X,CPU,CPU package RAPL plus DRAM RAPL when available,4,20,20T,5,0.0016870654521812,0.0016550611436781,0.0017489653608247,0.579005920723232,0.4834760989932886,0.4749939926108374,0.5016478969072165,0.4201619341418253,0.000816121597811,0.0007862097025182,0.0008774283478709,1.073092241910197,2192.7875909944605,2115.1797810579114,2235.190008616788,0.5812738520983158,7.65162274874842,7.374447941524799,7.788258772659855,0.4213328773272282,286.8913704954379,286.837586175672,286.9596435065244,0.0277947128027224,83.0,82.0,87.0,1.7862650602409638,-1.0,-1.0,-1.0,0.0,20260729_005653
AMD,AMD Threadripper 3970X,CPU,CPU package RAPL plus DRAM RAPL when available,4,32,32T,5,0.0011607068039772,0.0011195053884572,0.0011694950312862,1.122542382243749,0.3173800539772727,0.3016662647058823,0.3201949913093859,1.314961679630273,0.0003683663670217,0.0003379254050189,0.000374503815116,2.470198519545125,3187.1758990358844,3163.225178103796,3304.4740351683995,1.1141317573547207,11.65598295237087,11.55351036663382,12.263142607862145,1.3034152180434413,273.64112986615106,269.5977898880709,273.8635371050866,0.1205012465074711,70.0,68.0,71.0,2.118,-1.0,-1.0,-1.0,0.0,20260729_005653
AMD,AMD Threadripper 3970X,CPU,CPU package RAPL plus DRAM RAPL when available,4,64,64T,5,0.0011965880670225,0.0010941619291166,0.0012026382259215,0.6180017976891531,0.2903272330960854,0.2790812993456925,0.2911153209580838,0.3938008182248459,0.0003476391931357,0.0003056234511094,0.0003498559164203,0.945380729972003,3091.603929406047,3076.0507343528016,3381.01349792436,0.6205985443411179,12.742111308671811,12.70759685302361,13.25555017719625,0.3946301233189271,242.3507619531657,241.65379535307216,254.7531255825536,0.2502530781463283,67.5,67.0,72.5,1.0982222222222222,-1.0,-1.0,-1.0,0.0,20260729_005653
AMD,AMD Threadripper 3970X,CPU,CPU package RAPL plus DRAM RAPL when available,5,1,1T,5,0.0935557904090909,0.092377496090909,0.0992316674090909,1.8672699450215973,6.784058454545454,6.683755818181817,7.168661954545454,2.192031358059567,0.6318490920556734,0.6161399824000844,0.7078144167951153,3.686058311740698,80.7314320838847,76.11374033432153,81.76118119351322,1.8910924661275852,1.113329599091942,1.053599324001362,1.1300387758231496,2.225129507191199,72.47471665254024,70.31677434751975,72.93972454658137,0.5952173927556326,72.0,66.0,72.5,1.0295833333333333,-1.0,-1.0,-1.0,0.0,20260729_005653
AMD,AMD Threadripper 3970X,CPU,CPU package RAPL plus DRAM RAPL when available,5,2,2T,5,0.0494658983333333,0.0469391553636363,0.053580251,7.176492472195306,4.139881928571429,3.9353874090909087,4.387784,6.2473918365891405,0.2048383554482504,0.1852820979064975,0.2352072772545624,13.407173434490874,152.68888636540413,140.9641204431456,160.90815635364137,7.541545945895464,1.8244257488084497,1.7213471598721377,1.9192250938582969,6.521965421237056,83.54212436915256,81.95951452578106,84.65347581360896,0.9840262531462498,70.0,65.0,71.5,1.059,-1.0,-1.0,-1.0,0.0,20260729_005653
AMD,AMD Threadripper 3970X,CPU,CPU package RAPL plus DRAM RAPL when available,5,4,4T,5,0.0257072899875,0.0240459569166666,0.0284452965,9.581299359112384,2.713870075,2.6674110000000004,2.9086062638888888,2.5380811421121314,0.0697123991123103,0.0649467836437315,0.0827655905767151,10.135214945524908,293.80354991283343,265.52343973690984,314.10250199910365,10.2433161110657,2.783071383336558,2.596739631996805,2.831544636538462,2.5822709984169974,105.47331909656192,101.90075446721444,112.22493727769005,4.525803774281046,67.5,67.0,70.0,1.0982222222222222,-1.0,-1.0,-1.0,0.0,20260729_005653
AMD,AMD Threadripper 3970X,CPU,CPU package RAPL plus DRAM RAPL when available,5,8,8T,5,0.011591291091954,0.0113448121777777,0.0127274852025316,1.7012670810301525,1.7905085057471264,1.7580927055555555,1.876740082278481,0.5315476479294879,0.0207881334704063,0.019941042501748,0.0238896815974426,2.3407023857235063,651.6007249997219,593.4316803640968,665.7574240104917,1.7210125088517327,4.218294921502665,4.0244747290177365,4.296072144129406,0.5296275131269764,155.05838027208927,147.4440888202828,156.03132996942912,0.7097074574291339,74.0,73.0,78.0,2.0035135135135134,-1.0,-1.0,-1.0,0.0,20260729_005653
AMD,AMD Threadripper 3970X,CPU,CPU package RAPL plus DRAM RAPL when available,5,10,10T,5,0.0098475020194174,0.0095322024666666,0.0102303749285714,0.6994138577355266,1.7195312619047618,1.692836218446602,1.7574518622448978,1.4627001523877248,0.0169218661586511,0.0164032975807692,0.0179780728961008,2.087877219906054,766.9858729661228,738.2811461917848,792.3555091782519,0.6961661776453948,4.392419428412462,4.29763859077965,4.461680755019776,1.448595213416647,173.0800090253537,171.69679317057177,180.25572157120035,1.1848600181198703,74.0,71.0,76.0,4.007027027027027,-1.0,-1.0,-1.0,0.0,20260729_005653
AMD,AMD Threadripper 3970X,CPU,CPU package RAPL plus DRAM RAPL when available,5,16,16T,5,0.0059614922982456,0.0056994272288135,0.0064671233757961,6.517456578016657,1.4099855789473683,1.384033183615819,1.451581882165605,2.7288946704887893,0.0083964372160376,0.0078833653608824,0.0093885540033031,9.059560774182234,1266.9467999625522,1167.890790305215,1325.2049962617548,6.817460830695557,5.356716921037286,5.20321521014822,5.457164329066841,2.7801231489339253,236.58215144604785,224.53720349015344,242.46999679863904,3.689762505918567,81.5,79.0,83.0,2.728711656441717,-1.0,-1.0,-1.0,0.0,20260729_005653
AMD,AMD Threadripper 3970X,CPU,CPU package RAPL plus DRAM RAPL when available,5,20,20T,5,0.0051717255979381,0.004972871593596,0.0051944970765306,0.6527994094399434,1.364837482142857,1.3380526773399013,1.367540012886598,0.1788568026656078,0.007076170229507,0.0066541417270699,0.0070875518444733,0.2384677276236769,1460.4203090779852,1454.0182770997153,1518.819216193344,0.649926089905947,5.533913770959879,5.522977697458258,5.644690569815946,0.1791090649616717,264.4724789483839,262.73876164958824,269.05215769747053,0.5345279542414331,83.5,82.0,85.5,0.8877844311377245,-1.0,-1.0,-1.0,0.0,20260729_005653
AMD,AMD Threadripper 3970X,CPU,CPU package RAPL plus DRAM RAPL when available,5,32,32T,5,0.0030901042752293,0.0030861513990825,0.0031915827034161,0.1896549000695142,0.8868942293577982,0.885463756880734,0.9162322624223602,0.2391286834768385,0.0027402481620032,0.0027322454542676,0.0029242977263526,0.4329832112743833,2444.219621582589,2366.505048646704,2447.3506346060467,0.1899191000509592,8.516115077506715,8.243431241665249,8.529872492579447,0.2395076088239487,286.94086732216044,286.8441426448956,287.0154265445906,0.0331563448216275,73.0,72.0,75.0,2.030958904109589,-1.0,-1.0,-1.0,0.0,20260729_005653
AMD,AMD Threadripper 3970X,CPU,CPU package RAPL plus DRAM RAPL when available,5,64,64T,5,0.0028799458508522,0.0027866285359116,0.002938409998538,0.2196971554132971,0.7427797698863636,0.7339086187845305,0.7531291710526316,0.6668643418023982,0.0021387264510902,0.0020458425718897,0.0022119276682846,0.875802092963134,2622.5815916628867,2570.4013211620663,2710.405510688939,0.2193688875054392,10.168414965354426,10.028682575537593,10.291326541641006,0.6698806173806443,257.6772095096608,256.15525846264416,263.2655239985469,0.4956603132383647,72.0,71.0,76.5,2.0591666666666666,-1.0,-1.0,-1.0,0.0,20260729_005653
AMD,AMD Threadripper 3970X,CPU,CPU package RAPL plus DRAM RAPL when available,6,1,1T,5,0.1211086398333333,0.1193474521111111,0.1218662333333333,0.9274384756081075,9.190166333333334,8.941877944444446,9.393431666666666,3.279170063624877,1.1111251500561932,1.0674467823987293,1.1457454245008625,3.649775351827986,108.60776191829513,107.93259418851132,110.21046204323,0.9216686344485228,1.4312405949838067,1.4002713448402746,1.4709815637430892,3.2080567323008493,75.66281907045095,73.79458159568662,77.01238314080621,2.4702253844356736,70.5,69.0,71.5,2.1029787234042554,-1.0,-1.0,-1.0,0.0,20260729_005653
AMD,AMD Threadripper 3970X,CPU,CPU package RAPL plus DRAM RAPL when available,6,2,2T,5,0.0608879819117647,0.0607855283235294,0.0611698510294117,0.2439714320615923,5.507739529411765,5.431233176470588,5.779515882352941,1.2994542017301536,0.3355467236888535,0.3312231881304143,0.3536577675836176,1.5956988767495843,216.02523795479584,215.0297450650592,216.3892960652045,0.2436055178936757,2.388155492796879,2.27585489612809,2.4217960553698097,1.310932161827108,90.48433700388364,89.05451555539403,94.56717630055395,1.1501137243140145,70.0,67.5,72.5,2.118,-1.0,-1.0,-1.0,0.0,20260729_005653
AMD,AMD Threadripper 3970X,CPU,CPU package RAPL plus DRAM RAPL when available,6,4,4T,5,0.0307383907727272,0.0305774715294117,0.0308912954242424,0.4400413881606429,3.6725041969696974,3.646047647058824,3.7097503636363633,1.0680581639696105,0.1129547531189052,0.1114954476057708,0.1145493125233637,0.5271232261460571,427.91236022839513,425.79435009693634,430.16438975996334,0.4413528482651846,3.581571805409175,3.5456141286689413,3.607560483934302,1.0625354354745686,119.38365310682892,119.25695621915476,120.81566271179598,0.1573421492619417,70.5,66.0,77.0,4.205957446808511,-1.0,-1.0,-1.0,0.0,20260729_005653
AMD,AMD Threadripper 3970X,CPU,CPU package RAPL plus DRAM RAPL when available,6,8,8T,5,0.0158110545078125,0.015703890276923,0.0159445929920634,0.5326830001021264,2.7522819062500004,2.7272981384615385,2.806004325396825,1.20806185411382,0.043514988448668,0.042823780240607,0.0447752441207798,1.6729969422085211,831.9138501983839,824.9404116688461,837.5847112098913,0.5335045322705275,4.779129429783547,4.687570162244974,4.822845456080516,1.2002286486053937,174.470261516155,173.4375767857024,176.07093526175737,0.7118083092964954,74.0,73.0,76.0,2.0035135135135134,-1.0,-1.0,-1.0,0.0,20260729_005653
AMD,AMD Threadripper 3970X,CPU,CPU package RAPL plus DRAM RAPL when available,6,10,10T,5,0.01271476694375,0.0126962632594936,0.01272863524375,0.0773815351104395,2.54486484375,2.527748917721519,2.6124289873417723,0.997148119364676,0.0323997735445733,0.0320928786751602,0.0332356497817411,1.154682631108246,1034.4930920576337,1033.3658951520008,1036.0006781992388,0.0774289435626117,5.168580578368793,5.0351074241062665,5.2035774809092405,1.0038811801371303,200.0898517608104,198.66980702971364,205.3453861073975,1.0522064461523974,74.0,73.0,78.5,2.0035135135135134,-1.0,-1.0,-1.0,0.0,20260729_005653
AMD,AMD Threadripper 3970X,CPU,CPU package RAPL plus DRAM RAPL when available,6,16,16T,5,0.0086087858135593,0.0085804880042735,0.0086289993706896,0.2658221163781348,2.249133093220339,2.2469054279661016,2.2593735341880343,0.1210270198252552,0.0193618143868958,0.019312404338775,0.0194069738501036,0.1440514897430624,1527.8970174415622,1524.3178057831929,1532.9358117590573,0.2663011735021595,5.848181620738712,5.821674534756795,5.853979299497102,0.121113788768377,261.2408138104873,260.586742534869,263.2223680665205,0.1696383775277885,82.0,80.5,84.0,1.8080487804878047,-1.0,-1.0,-1.0,0.0,20260729_005653
AMD,AMD Threadripper 3970X,CPU,CPU package RAPL plus DRAM RAPL when available,6,20,20T,5,0.0071839707428571,0.0071383521595744,0.0072004802571428,0.2618787648697617,2.060922310714286,2.046360163120568,2.064961757142857,0.1120570602294795,0.0148044440333409,0.0146105661975172,0.0148734412628725,0.3606714774592735,1830.9286132541504,1826.7311353517691,1842.6297327283653,0.2614191701073871,6.3822577355860375,6.369772853469367,6.42767513699015,0.1119580632950671,286.7840851524644,286.6781524922685,286.8996459448442,0.0285628223364591,83.0,82.0,83.0,0.0,-1.0,-1.0,-1.0,0.0,20260729_005653
AMD,AMD Threadripper 3970X,CPU,CPU package RAPL plus DRAM RAPL when available,6,32,32T,5,0.0057522896522988,0.0056583528483146,0.0057589592947976,0.1326998630184824,1.577701448275862,1.5222592050561796,1.599164034682081,0.5658563735348717,0.0090759053178021,0.008615682157509,0.0092161011662428,0.4625425932090268,2286.6263969846214,2283.9781908855143,2324.5876874641617,0.1330209836423398,8.337030021992998,8.225144234219997,8.640669438469253,0.5681253584093391,274.25824462046626,269.04499448311805,277.20726051084074,0.6503885765405761,70.0,66.0,72.0,2.118,-1.0,-1.0,-1.0,0.0,20260729_005653
AMD,AMD Threadripper 3970X,CPU,CPU package RAPL plus DRAM RAPL when available,6,64,64T,5,0.0058180355289017,0.0057669896742857,0.0058329128546511,0.3791163365457706,1.4056095578034682,1.395515465714286,1.4377948554913296,1.0646982903850024,0.0081720083071273,0.0080501099989204,0.0083725151444079,2.2115302010882174,2260.786849394755,2255.020844973552,2280.7978585263654,0.3781284448449503,9.357746947983136,9.148271257520864,9.425432951500138,1.0723870753518896,242.15368103600355,241.351597610302,246.90236747082184,0.4910802436937954,65.0,63.5,70.0,3.421384615384615,-1.0,-1.0,-1.0,0.0,20260729_005653
INTEL,Intel Core i9-7900X,CPU,CPU package RAPL plus DRAM RAPL when available,1,1,1T,5,0.0365683902321428,0.0353779411724138,0.0369202676481481,0.5893582845234604,2.179030055555556,2.1751846607142857,2.337195655172414,0.2569775664202688,0.0799133954558941,0.0791260610936324,0.0826668832584342,0.9326024436864376,202.3266425827645,200.39819903980225,209.1347381029026,0.5915649640712141,3.395433866327462,3.1656538128855534,3.401436707258044,0.2565286385963179,59.62243591625499,59.07696736821437,66.07226038390087,0.4315859575701017,98.0,98.0,99.0,0.0,-1.0,-1.0,-1.0,0.0,20260729_004307
INTEL,Intel Core i9-7900X,CPU,CPU package RAPL plus DRAM RAPL when available,1,2,2T,5,0.0189302079629629,0.017414970122807,0.0192089194326923,1.357525605383527,1.490594461538462,1.383153359649123,1.5281867685185182,1.3789414084046046,0.0283762207198502,0.0240596046447983,0.0287135218119905,1.0353842212811455,390.84378719512347,385.17275641634416,424.8501281028461,1.3452457974192735,4.963625905949671,4.8415254444655655,5.349198050045757,1.3942178964323848,78.83650380282948,77.24987232280529,81.39745913855796,2.1317798290877685,98.0,98.0,99.0,0.0,-1.0,-1.0,-1.0,0.0,20260729_004307
INTEL,Intel Core i9-7900X,CPU,CPU package RAPL plus DRAM RAPL when available,1,4,4T,5,0.0098639487621359,0.0090145173761467,0.01008848058,2.3013236624733664,1.03561042,0.980074756880734,1.0582391634615385,2.272828917489201,0.010355170688908,0.0088315295417835,0.0104508266188496,1.0105379277549795,750.080162371451,733.3862427306608,821.0745977107977,2.2661470149831624,7.144342704303554,6.991569287150185,7.5520384195117,2.2385766916408514,106.54885545996136,102.6344982266746,108.894903660509,3.2644659082602154,99.0,91.0,99.0,0.0,-1.0,-1.0,-1.0,0.0,20260729_004307
INTEL,Intel Core i9-7900X,CPU,CPU package RAPL plus DRAM RAPL when available,1,8,8T,5,0.005496807090909,0.0051982158737113,0.0056321853689839,2.2832268526006563,0.8130311546391753,0.7924334819587628,0.8189757540106952,0.7853808571164745,0.0044813889019571,0.0041255337095748,0.0046082987266813,3.2898395139360743,1346.009955004176,1313.6557155495082,1423.3269038478684,2.318872631178324,9.100213948200986,9.034153102629286,9.336748857498462,0.7894657670022305,148.51810877382383,145.12361659450232,151.78078965749,1.550725714881832,99.0,99.0,99.5,0.0,-1.0,-1.0,-1.0,0.0,20260729_004307
INTEL,Intel Core i9-7900X,CPU,CPU package RAPL plus DRAM RAPL when available,1,10,10T,5,0.0045561655357142,0.004120256137295,0.0047616160235849,6.685465901739438,0.7349544012605043,0.6879678811475409,0.7489631808035715,1.0859097050646702,0.0034123337262602,0.002830664235116,0.0034731371907421,2.6418053939752,1623.8995739465126,1553.832713673091,1795.7020169956627,6.397016706452852,10.066954460804176,9.878660192622355,10.754502749227466,1.093917332815185,163.95389988189004,152.90555676375905,169.11334219979,4.665573180039624,99.0,87.0,100.0,0.7487878787878788,-1.0,-1.0,-1.0,0.0,20260729_004307
INTEL,Intel Core i9-7900X,CPU,CPU package RAPL plus DRAM RAPL when available,1,16,16T,5,0.0051019395048309,0.004756197135071,0.0052542570076142,4.42627611347968,0.7997979468599035,0.7691401095238095,0.8042928300970873,0.8332246805099726,0.0040843886977572,0.00367557287494,0.0042091993988471,4.530527310918358,1450.184969754659,1408.144476568032,1555.6025325021576,4.298019666349059,9.250777639942608,9.199077767716194,9.619512349155784,0.8285814830520359,156.38492820045775,152.10569395974366,166.8046131692944,3.9372113437874328,99.0,89.0,100.0,1.4975757575757576,-1.0,-1.0,-1.0,0.0,20260729_004307
INTEL,Intel Core i9-7900X,CPU,CPU package RAPL plus DRAM RAPL when available,1,20,20T,5,0.0045348652400881,0.0038411512413793,0.0045587678445945,0.7814565497569773,0.7182687139639639,0.6923664042145594,0.7262936517857143,1.655884468556129,0.0032550984654399,0.0026596606443858,0.0033041478516557,2.2340528489567437,1631.5264917334175,1622.971999370065,1926.1809266327275,0.7773634349284375,10.30081491639567,10.186999354980824,10.686180929114304,1.6376069198061445,159.03307540352688,157.03532625176774,179.5792208700297,1.8624194274572967,99.0,92.0,100.0,0.0,-1.0,-1.0,-1.0,0.0,20260729_004307
INTEL,Intel Core i9-7900X,CPU,CPU package RAPL plus DRAM RAPL when available,2,1,1T,5,0.0195394670490196,0.0176693781315789,0.01997528515,3.306865611495524,1.1776363,0.9355596140350876,1.2416076698113208,1.7771411685874068,0.0235019279785036,0.0165260976495128,0.023694081578497,1.2121853475633018,189.32840950491448,185.19766620192564,209.36651545582,3.234717936429014,3.141374264003007,2.979505665363055,3.954185897007808,1.7983632838060808,59.4310169075106,52.96297029657226,65.63692480233854,1.339212121804346,98.5,92.5,99.0,0.7525888324873096,-1.0,-1.0,-1.0,0.0,20260729_004307
INTEL,Intel Core i9-7900X,CPU,CPU package RAPL plus DRAM RAPL when available,2,2,2T,5,0.0101917221938775,0.0096220208349514,0.0104343854105263,2.736832749701904,0.8140106789473682,0.7758084805825243,0.8209341534653465,1.2610084346348305,0.0082326347016546,0.0074648893872053,0.0085149738444583,4.917584158287148,362.9785165285471,354.5371849330271,384.4711309065117,2.788320229523233,4.5446533932875175,4.50630538057468,4.768460958190664,1.2510252978154148,79.39014080846854,77.81482716552446,82.13301498485201,2.295810528128514,99.0,99.0,99.0,0.0,-1.0,-1.0,-1.0,0.0,20260729_004307
INTEL,Intel Core i9-7900X,CPU,CPU package RAPL plus DRAM RAPL when available,2,4,4T,5,0.0053186961329787,0.004954258930693,0.0053491066462765,0.7440204083394278,0.562641539893617,0.5546177446808511,0.5687087079207921,1.506642241032836,0.0029754478856621,0.0028184945821224,0.0029935133866173,0.7678429986348481,695.5419702118236,691.5877429795855,746.7062726815541,0.7403042895973918,6.575014365686547,6.504871705057729,6.670141600969052,1.5221206639280709,105.802438987812,103.7483352679714,114.68445003593592,2.228719164660819,99.0,99.0,100.0,0.0,-1.0,-1.0,-1.0,0.0,20260729_004307
INTEL,Intel Core i9-7900X,CPU,CPU package RAPL plus DRAM RAPL when available,2,8,8T,5,0.0028661016988636,0.0026972845791666,0.0030283273222891,3.3596209535151,0.4258977485795454,0.4088007583333333,0.439652851744186,3.856687832093751,0.0012216330060497,0.00110264045167,0.0013239215478125,8.31133056259249,1290.73442990502,1221.590622139253,1371.6360434229791,3.285170057632657,8.686072021112041,8.414311697523036,9.049343386185653,3.758989822042009,149.31179292281487,143.8958825919339,151.85892704972443,1.1020509252860522,99.0,92.5,100.0,1.4975757575757576,-1.0,-1.0,-1.0,0.0,20260729_004307
INTEL,Intel Core i9-7900X,CPU,CPU package RAPL plus DRAM RAPL when available,2,10,10T,5,0.0023674438376168,0.0022555357972972,0.0024310689128878,3.9844888861968006,0.3934565298329355,0.3724667657657657,0.39700293387471,1.0786481850365377,0.00093475275937,0.0008403992536738,0.0009578202241874,3.658702581560079,1562.6040496452529,1521.708302066148,1640.1321003285364,3.880191874233638,9.402251073301434,9.318260322709216,9.93210246830932,1.086525443632885,165.85688960549666,161.4032475302595,169.67712068494637,1.3297282212418189,99.0,91.5,99.0,0.0,-1.0,-1.0,-1.0,0.0,20260729_004307
INTEL,Intel Core i9-7900X,CPU,CPU package RAPL plus DRAM RAPL when available,2,16,16T,5,0.0027300620365853,0.0025880015232558,0.0028047357472067,4.055264747964034,0.4201816717877095,0.4094768824289406,0.4207042872628725,0.184403498653376,0.0011487520495765,0.0010598355041343,0.0011781436674479,3.793334921337884,1355.0520666132263,1318.9749275949075,1429.4336010382203,3.947299710943621,8.804230295563698,8.793293161335697,9.034400084920632,0.1841773177446922,153.5153824156209,149.39385390911218,157.6737318858154,3.672805931108557,99.0,98.0,100.0,1.4975757575757576,-1.0,-1.0,-1.0,0.0,20260729_004307
INTEL,Intel Core i9-7900X,CPU,CPU package RAPL plus DRAM RAPL when available,2,20,20T,5,0.0023610855511727,0.0020951828392484,0.0024040887177033,2.700304301411798,0.3791731833688699,0.3749700480349345,0.3807053726513569,0.2650569644634818,0.0008969229826298,0.0007973461191916,0.0009130663855996,2.668479870250804,1566.8118156473274,1538.785317133547,1765.657942012011,2.6520151483133376,9.756428710542847,9.71716735523754,9.865818744462407,0.2645839014973611,160.1342543945515,155.86645019791297,180.9180521884057,3.9513385351932433,99.0,98.5,100.0,0.0,-1.0,-1.0,-1.0,0.0,20260729_004307
INTEL,Intel Core i9-7900X,CPU,CPU package RAPL plus DRAM RAPL when available,3,1,1T,5,0.0188871943679245,0.0167359348416666,0.019362740826923,2.418825203877219,1.1311252692307692,0.9026094916666668,1.2206968396226414,2.2275432862311275,0.0217190467190791,0.0151091704359082,0.0229696562921152,4.740026144101911,195.86689960662292,191.05643140356037,221.0438974352905,2.3799991130388665,3.270527394622461,3.030548436501737,4.098534794211275,2.261562731055036,58.99019872230921,53.921100660796895,64.87271553528228,0.4566506678021674,99.0,95.0,99.0,0.0,-1.0,-1.0,-1.0,0.0,20260729_004307
INTEL,Intel Core i9-7900X,CPU,CPU package RAPL plus DRAM RAPL when available,3,2,2T,5,0.0091348010545454,0.0088109808201754,0.0096186129855769,4.845596666083393,0.7475416954545455,0.6621234078947369,0.7761114909090909,1.6401026156387228,0.0070584752255578,0.0058104748422175,0.0071080919984422,1.0421773134803884,404.9761739747476,384.6060195911557,419.85987452777,4.692264946958479,4.94872909192129,4.766552579954765,5.587176667161732,1.6584572288591657,79.21724526811961,75.18075061647747,85.12179059012935,4.898098001856985,99.0,92.5,100.0,1.4975757575757576,-1.0,-1.0,-1.0,0.0,20260729_004307
INTEL,Intel Core i9-7900X,CPU,CPU package RAPL plus DRAM RAPL when available,3,4,4T,5,0.0048433920047846,0.0045339187239819,0.0050858769696969,0.75289334934643,0.5178184191919192,0.5097060485436893,0.5241973701923077,1.5528008773490232,0.0024908104278586,0.0023713532776304,0.0026332728608748,2.2472156979228317,763.7986211742846,727.3821506188242,815.9335036298125,0.7490777058369925,7.144157627312055,7.0572208283723565,7.257861972118031,1.536677191814591,106.19041886252542,101.69935266868008,115.25997093319296,3.460805669287085,99.0,99.0,100.0,0.0,-1.0,-1.0,-1.0,0.0,20260729_004307
INTEL,Intel Core i9-7900X,CPU,CPU package RAPL plus DRAM RAPL when available,3,8,8T,5,0.002623572220052,0.0025112928,0.0027921270083102,6.344992788721985,0.3915166341145834,0.3596553048192771,0.4012136828254847,3.6720903190475376,0.001028114452294,0.0009037904655883,0.0011204986284839,11.270459948952176,1410.055045872215,1324.931193131481,1473.0963014924396,6.628462190618272,9.448835201037138,9.220463529208168,10.285899045996509,3.583339464069256,143.65824466360348,143.19630725179934,149.7487066942247,0.4767344946644318,99.0,89.0,100.0,0.7487878787878788,-1.0,-1.0,-1.0,0.0,20260729_004307
INTEL,Intel Core i9-7900X,CPU,CPU package RAPL plus DRAM RAPL when available,3,10,10T,5,0.0022424372312373,0.0020557199231557,0.0023202954139908,3.7097673671210183,0.358497366972477,0.3524771290983607,0.3638136561866125,1.898533675942724,0.0008168508949091,0.0007244841121095,0.0008307907222531,1.7788482735985869,1649.7123307741408,1594.355671149876,1799.5526115787516,3.619176683435767,10.31911672920648,10.168328921319937,10.495375089002088,1.8745098767538635,162.34280631687687,154.27330613490065,171.36757827506332,6.6257635693992665,99.0,99.0,100.0,0.0,-1.0,-1.0,-1.0,0.0,20260729_004307
INTEL,Intel Core i9-7900X,CPU,CPU package RAPL plus DRAM RAPL when available,3,16,16T,5,0.0025625471243654,0.002452914112745,0.0027758054877717,6.342982007350566,0.4101718705583756,0.3921503929471033,0.418286404054054,0.4881543883645226,0.0010516477261296,0.0009905317986821,0.0011435124518485,8.61604811024474,1443.6342033233775,1332.7217487579674,1508.1556000735784,6.626292353120394,9.01908830936835,8.8441223377516,9.433564762894378,0.4865576575362668,155.18962424485582,148.18972403296556,166.59190570860443,4.759493465012063,99.0,92.0,99.0,0.0,-1.0,-1.0,-1.0,0.0,20260729_004307
INTEL,Intel Core i9-7900X,CPU,CPU package RAPL plus DRAM RAPL when available,3,20,20T,5,0.0022411155,0.0020827815571725,0.0023995341583514,7.710985602252039,0.3907400053763441,0.3648813565488565,0.3953779224137931,1.759782900422243,0.000886046111758,0.0007604049312106,0.000920817175264,5.126749354278916,1650.6860670005929,1541.7069873851688,1776.170997876196,7.3297509664475555,9.467615491582269,9.356557232527276,10.138574841084283,1.7391388044996674,174.79753799216428,158.54502504971003,176.69707008440184,1.611147566665188,99.0,85.0,99.0,0.0,-1.0,-1.0,-1.0,0.0,20260729_004307
INTEL,Intel Core i9-7900X,CPU,CPU package RAPL plus DRAM RAPL when available,4,1,1T,5,0.022894172215909,0.0211900482765957,0.0234794058488372,2.9085227046832287,1.4817138837209305,1.1475773085106384,1.532348976744186,5.066537456459316,0.0339605638898411,0.024335028364206,0.0357175793749048,5.364800934205355,161.5859310388953,157.55835297376422,174.58082600328916,2.8525521102328173,2.496702800703821,2.414186444772651,3.2236552786712256,4.90001249924764,63.173118173654544,54.11681684663403,65.84333433415189,6.227155703235093,99.0,98.0,100.0,1.4975757575757576,-1.0,-1.0,-1.0,0.0,20260729_004307
INTEL,Intel Core i9-7900X,CPU,CPU package RAPL plus DRAM RAPL when available,4,2,2T,5,0.0114242974942528,0.0109359589784946,0.0118339518058823,3.940017324843836,0.8941399540229885,0.7710610698924731,0.9091655176470588,2.300454807145325,0.01022024768341,0.0084106167405968,0.0107578791225186,5.672552673658494,323.8165471056127,312.60704335510604,338.2765159059975,4.0478533072715726,4.137358369978925,4.068981348168027,4.797775023305885,2.262094343129246,78.00657085421783,70.6998558242079,80.00190781358319,2.4012703770486508,98.5,89.0,99.0,0.7525888324873096,-1.0,-1.0,-1.0,0.0,20260729_004307
INTEL,Intel Core i9-7900X,CPU,CPU package RAPL plus DRAM RAPL when available,4,4,4T,5,0.0056336019353932,0.0053860137580645,0.0057086280932203,1.361472978691716,0.5916,0.5466792204301075,0.5929769147727273,0.3450665723538644,0.0033345339900472,0.0029442961100274,0.0033756865715742,1.286157014654432,656.6627388868401,648.0324379281356,686.8486881137035,1.3490981615020885,6.25319540890056,6.238665152529817,6.766996906995047,0.3445047961335002,104.30949510772372,101.46903141102932,105.14039366485036,1.1809952675197306,99.0,82.0,99.0,0.0,-1.0,-1.0,-1.0,0.0,20260729_004307
INTEL,Intel Core i9-7900X,CPU,CPU package RAPL plus DRAM RAPL when available,4,8,8T,5,0.0030713290945121,0.0029515096418128,0.0031337643897515,3.013892874171911,0.451609993902439,0.4171596943620178,0.4588074922360248,2.3628819497912943,0.0013875874031286,0.0012472036032247,0.0014382943490776,5.417901452149351,1204.4870629806114,1180.4895759772985,1253.384400864773,2.953844447533468,8.191528695995695,8.063039110879451,8.868009649039003,2.325556876660458,146.5348079192957,139.52709693555897,150.39657778110544,0.4735469754832395,99.5,82.0,100.0,0.7450251256281406,-1.0,-1.0,-1.0,0.0,20260729_004307
INTEL,Intel Core i9-7900X,CPU,CPU package RAPL plus DRAM RAPL when available,4,10,10T,5,0.0025760560875634,0.0024893680207317,0.0026072597286432,1.7958661105323683,0.410718193902439,0.409815331218274,0.4157949948717948,0.2624801743625631,0.0010562356384894,0.0010222428271232,0.0010813364055933,3.234638205232349,1436.0627670701242,1418.875184875884,1486.070400261428,1.7744565171876236,9.007090980454887,8.897115822099952,9.02693450118743,0.262013746809026,159.76540437193415,157.46629657535647,165.08309261970152,2.133539005272204,99.0,98.0,100.0,0.0,-1.0,-1.0,-1.0,0.0,20260729_004307
INTEL,Intel Core i9-7900X,CPU,CPU package RAPL plus DRAM RAPL when available,4,16,16T,5,0.002606036418575,0.0025653108405063,0.0027438273019125,2.3169185823473795,0.4146873237704918,0.4034465291139241,0.4224558584656085,0.8741392761360404,0.0010858325138522,0.0010352879776949,0.0011561182573945,6.901370915935098,1419.54123061908,1348.25419925574,1442.0771503717665,2.353700893264052,8.920883550422381,8.756834925739803,9.16943353368272,0.8690625799287119,157.27360791663892,151.13003900449314,160.73750773960117,2.8546906720748675,99.0,94.0,100.0,0.7487878787878788,-1.0,-1.0,-1.0,0.0,20260729_004307
INTEL,Intel Core i9-7900X,CPU,CPU package RAPL plus DRAM RAPL when available,4,20,20T,5,0.002491494742647,0.002383088528436,0.002660714893421,6.349080402290435,0.430116029040404,0.4252008157894736,0.4418011948529411,0.4355771861775112,0.0011008014039825,0.0010268253308338,0.0011329165626673,4.3253882211534815,1484.8021720849576,1390.3698008097397,1552.345348810895,6.088197219921706,8.600879939675576,8.373395481359545,8.700321097386418,0.4343085589525385,177.36471149417392,159.51954527908833,181.1032651897685,3.125074690672417,99.0,99.0,99.0,0.0,-1.0,-1.0,-1.0,0.0,20260729_004307
INTEL,Intel Core i9-7900X,CPU,CPU package RAPL plus DRAM RAPL when available,5,1,1T,5,0.0456709579318181,0.041561907,0.0465320004090909,2.795171449458832,2.7529857045454547,2.17916916,3.057611272727273,11.87998719472926,0.1281601858300956,0.0905666614905519,0.1397167388586166,12.793060607122422,165.37633474784775,162.31613481466644,181.7263324540617,2.7434713847373224,2.743528009576353,2.4701942119621805,3.4659511180715405,10.998643078467744,61.11749123926417,52.42551222256466,66.7485508451418,9.404814180843069,99.0,91.0,99.0,0.0,-1.0,-1.0,-1.0,0.0,20260729_004307
INTEL,Intel Core i9-7900X,CPU,CPU package RAPL plus DRAM RAPL when available,5,2,2T,5,0.0227369961999999,0.0224690973695652,0.0237476061547619,1.5154725845448056,1.9037506777777773,1.838053642857143,1.9248801477272728,1.6455175834100513,0.0433474532327068,0.0422204664997437,0.0438901703762886,1.725682790815885,332.1852050419598,318.04861349983133,336.1458678451952,1.531107267321333,3.967375138480193,3.923839511824074,4.1091926150727724,1.626917491474943,83.58654544525206,77.43103937411124,84.3870548428305,0.9073835892269596,99.0,98.5,99.0,0.0,-1.0,-1.0,-1.0,0.0,20260729_004307
INTEL,Intel Core i9-7900X,CPU,CPU package RAPL plus DRAM RAPL when available,5,4,4T,5,0.0121015435738636,0.0116603176860465,0.0123235880802469,2.720340452063025,1.297084237804878,1.1635311046511627,1.3267185174418603,2.2644408696100724,0.0158280111641947,0.0135924984729023,0.0159434097635113,1.0809315306386664,624.1264682782615,612.8809954359983,647.7433509694823,2.671339685678276,5.8229782898368185,5.692913061841853,6.492176204861799,2.230254717955355,105.04985169240986,98.65345982382829,112.97490018480056,4.233231993164127,99.0,88.5,99.0,0.0,-1.0,-1.0,-1.0,0.0,20260729_004307
INTEL,Intel Core i9-7900X,CPU,CPU package RAPL plus DRAM RAPL when available,5,8,8T,5,0.0067268879019607,0.0065211984358974,0.006939378877551,2.0783732363738268,1.0133582843137252,0.9779244743589744,1.035304553691275,3.210862286598933,0.0068104071602238,0.0063685692814543,0.0071626078765708,5.408958401052223,1122.7918249796376,1088.4107674832894,1158.2062736901837,2.049671893457061,7.45333036217731,7.295334689220265,7.723392296276553,3.1428150013960363,148.58733484594035,146.75018549354462,150.0592403996052,1.0367908941982475,99.0,94.0,100.0,1.4975757575757576,-1.0,-1.0,-1.0,0.0,20260729_004307
INTEL,Intel Core i9-7900X,CPU,CPU package RAPL plus DRAM RAPL when available,5,10,10T,5,0.0063174054813664,0.0061804481687116,0.0063970872499999,0.3711866113327676,1.0173943726708077,0.9405640674846626,1.0198311335403727,0.3550974688147181,0.0064295002829032,0.0058172932858825,0.0064903628111922,0.4595284217892371,1195.5705709724048,1180.6768663959117,1222.0623446743514,0.3720638938352812,7.423761262966975,7.406023670654572,8.03017417172986,0.3542376085496392,158.61705137309923,150.12265332733512,159.5652708849733,0.8863046161397259,99.0,86.0,99.0,0.0,-1.0,-1.0,-1.0,0.0,20260729_004307
INTEL,Intel Core i9-7900X,CPU,CPU package RAPL plus DRAM RAPL when available,5,16,16T,5,0.0068892084246575,0.0068229130472972,0.0070215541354166,0.9920056351471758,1.0773361493055558,1.0127330958904108,1.0886914103448275,0.8155079600301227,0.0074351761578706,0.0069801630473243,0.0075643869815337,2.414736802287325,1096.336830382099,1075.672550448603,1106.9894743855211,0.9853824922273264,7.0107115283778665,6.937588470812756,7.457930589791078,0.8110222295307548,155.20558112182903,145.19142327161254,155.8989470853828,0.6623372498169925,100.0,79.0,100.0,0.0,-1.0,-1.0,-1.0,0.0,20260729_004307
INTEL,Intel Core i9-7900X,CPU,CPU package RAPL plus DRAM RAPL when available,5,20,20T,5,0.0064635845961538,0.0063126578836477,0.0064945347419354,0.7099262870816239,1.0498521855345913,1.0398370677419355,1.069889496855346,1.0398855154006494,0.0067676192761994,0.0066273937387764,0.0068417183247736,0.3892048253565384,1168.530064969004,1162.9613556835625,1196.467964513292,0.7065430864044355,7.194244171400139,7.05950779375574,7.263535516372288,1.0326147834746922,161.22526787384257,157.832090216814,166.5603640506027,2.6007351708720154,99.0,96.0,100.0,0.0,-1.0,-1.0,-1.0,0.0,20260729_004307
INTEL,Intel Core i9-7900X,CPU,CPU package RAPL plus DRAM RAPL when available,6,1,1T,5,0.0712388973928571,0.0656712705625,0.0725753569642857,1.7886890898563357,4.30705525,3.61384284375,4.362005428571429,1.2700325483402697,0.3105792790568735,0.2374100873445823,0.3129682932466006,1.1404342390275104,184.63701530661268,181.23697147020533,200.2905879754792,1.7673665141045185,3.0539052213956928,3.0154644721499557,3.639716306189566,1.281200885156666,59.84318418363152,54.98725244313805,61.18497366237921,1.172905975736805,99.0,98.0,99.0,0.0,-1.0,-1.0,-1.0,0.0,20260729_004307
INTEL,Intel Core i9-7900X,CPU,CPU package RAPL plus DRAM RAPL when available,6,2,2T,5,0.0359557475357142,0.0346527139333333,0.0372978309629629,4.571088322398747,2.951530703703704,2.619541816666666,2.9964518571428576,2.2564597415610885,0.1066168913269777,0.090789522527419,0.1099731769689283,4.667205196871913,365.82016230146496,352.6569319001313,379.5782507884911,4.7165120597244,4.456577936228001,4.389641632803718,5.021239261225148,2.2268153923689176,80.24176494706263,75.41476274085598,82.24301856616066,3.543132145779007,99.0,94.0,99.0,0.0,-1.0,-1.0,-1.0,0.0,20260729_004307
INTEL,Intel Core i9-7900X,CPU,CPU package RAPL plus DRAM RAPL when available,6,4,4T,5,0.0191116566981132,0.0186941405803571,0.0198328235490196,3.2389101895402583,2.06094969,1.964301375,2.11154491509434,3.066273701467384,0.0396897657737595,0.0366284140758836,0.0411217355569256,4.291369438355126,688.2363859291764,663.2106511888594,703.6076772062938,3.311286196629455,6.382182609284749,6.229249165326635,6.696192849649867,3.131240619448437,104.69570276402072,103.75462145182834,111.68273724409028,0.8906237727093673,97.0,95.0,99.0,3.056907216494845,-1.0,-1.0,-1.0,0.0,20260729_004307
INTEL,Intel Core i9-7900X,CPU,CPU package RAPL plus DRAM RAPL when available,6,8,8T,5,0.0110582729315789,0.0105147073802083,0.0113555159494382,1.0627056057304292,1.6486653789473684,1.612383041666667,1.68311688172043,2.431692644235006,0.0182439075425047,0.0169643576339311,0.0190305410043928,3.834110488513125,1189.4567826221976,1158.3214328269114,1250.9465903268515,1.0703769837462764,7.978173268787229,7.81486882752214,8.157700131998155,2.392460303016488,148.31094401015952,146.18716817448302,151.80385206125237,1.8922990446683912,100.0,98.0,100.0,0.0,-1.0,-1.0,-1.0,0.0,20260729_004307
INTEL,Intel Core i9-7900X,CPU,CPU package RAPL plus DRAM RAPL when available,6,10,10T,5,0.0098974679660194,0.0098145501862745,0.0100854812349999,0.9926992658062852,1.5926298834951456,1.418371480392157,1.60342825,0.665018747365252,0.0157684921038201,0.0139652609308517,0.0161636458391337,1.641192499007921,1328.9600412031027,1304.1854049112362,1340.1874863719747,0.9861200939290832,8.258879362860139,8.20325926099079,9.273551000733,0.6620569576913116,158.9529923988963,142.45030734965792,160.34908230362998,1.302172964170339,99.0,75.0,100.0,1.4975757575757576,-1.0,-1.0,-1.0,0.0,20260729_004307
INTEL,Intel Core i9-7900X,CPU,CPU package RAPL plus DRAM RAPL when available,6,16,16T,5,0.0113505715505617,0.0113350265842696,0.0114973877954545,0.2030467533908223,1.7668905113636364,1.604534651685393,1.8093721011235957,2.3688662195477117,0.0202798031772624,0.0182048480755696,0.0205462328142688,1.9477929661001616,1158.8259981551623,1144.0283556669397,1160.4152179331063,0.2033245065722628,7.444342057098385,7.269559568801023,8.1976028502721,2.4073300375683018,152.16517256725675,140.00970878585943,157.91000929275936,2.565013272814243,98.0,86.0,100.0,3.0257142857142854,-1.0,-1.0,-1.0,0.0,20260729_004307
INTEL,Intel Core i9-7900X,CPU,CPU package RAPL plus DRAM RAPL when available,6,20,20T,5,0.0096999421826923,0.009657312264423,0.0097673687524271,0.3186557006034354,1.6082024466019418,1.5251115673076925,1.6222180144230771,1.2920935977632253,0.0156355400169085,0.0147381635472835,0.0157401577540354,0.9920108732835604,1356.0222445206996,1346.6612838625988,1362.008091265188,0.3179556253493116,8.178906441840255,8.108243584697028,8.624508671200996,1.2809139307989816,162.8402089551789,156.18698898158786,165.4301815066153,1.4732852766894369,100.0,86.0,100.0,0.0,-1.0,-1.0,-1.0,0.0,20260729_004307
3090,RTX 3090,GPU,GPU board NVML TotalEnergyConsumption,1,-1,gpu_resident,5,0.0003114451813407,0.0003094766104454,0.0003124439581525,0.475456545754056,0.1065770775409329,0.1058463661453541,0.1071140731556106,0.7470177609396319,3.318029078511065e-05,3.274171188538101e-05,3.346714764932023e-05,1.2817669068408888,23756.194603481297,23680.253926479207,23907.30675633394,0.4739380595358493,69.42169819262313,69.07387510320214,69.90086893341707,0.7428261275670562,342.6201933508904,341.103421387955,343.4968442979882,0.2929333416130272,58.0,55.0,61.0,5.112413793103448,1620.0,1590.0,1627.0,0.6406296296296295,20260729_093014
3090,RTX 3090,GPU,GPU board NVML TotalEnergyConsumption,2,-1,gpu_resident,5,0.0002893070187211,0.0002878408996559,0.0002899841917531,0.3470281300613126,0.0979851670506912,0.0974230217889908,0.0985547235023041,0.5139347521796982,2.8346523125624988e-05,2.8045537678472e-05,2.851610272583151e-05,0.8266254499515273,12787.0251647826,12757.164826267634,12852.155952649504,0.3462176488415715,37.75447020705474,37.53626459583161,37.97247319932666,0.5121418979817238,338.70446509467223,338.44117889307944,340.7428271196545,0.1152474096768594,63.0,60.0,63.0,0.0,1710.0,1702.0,1713.5,0.3034561403508772,20260729_093014
3090,RTX 3090,GPU,GPU board NVML TotalEnergyConsumption,3,-1,gpu_resident,5,0.0002380348142352,0.0002372934103684,0.0002389634517627,0.4610480636349975,0.0784748464808691,0.0782325553983969,0.0796802145411203,0.4577527385935268,1.8652604101657136e-05,1.85724979498897e-05,1.903209488456364e-05,0.6367227866046276,15541.323829752284,15480.928597733777,15589.881466210092,0.4596188336344135,47.140916220792896,46.42780208469798,47.2869677676805,0.4593377489766609,331.43452204395624,329.2573612070339,333.51459338478406,0.8485454796461542,58.5,58.0,62.5,1.267179487179487,1725.0,1713.5,1725.0,0.0,20260729_093014
3090,RTX 3090,GPU,GPU board NVML TotalEnergyConsumption,4,-1,gpu_resident,5,0.0003062447918572,0.0003027224593483,0.0003069818856049,0.1226060521304841,0.1001294602012808,0.1000491778319123,0.1003395099540581,0.0782667628568136,3.067337682275305e-05,3.026554875761248e-05,3.0788644213076226e-05,0.2085896189493979,12079.800980829914,12050.796212118405,12220.355866654634,0.1225046451468025,36.94596012645064,36.86863240946345,36.9755785860507,0.078236264623891,327.0043278489277,326.822811720015,330.3589096578569,0.0652753064358122,62.0,56.0,64.0,2.391290322580645,1845.0,1830.0,1860.0,1.2053658536585363,20260729_093014
3090,RTX 3090,GPU,GPU board NVML TotalEnergyConsumption,5,-1,gpu_resident,5,0.0004733076907677,0.0004708557237827,0.0004755983571768,0.1215970382883323,0.1587692853762423,0.1572666198501872,0.1597480988593155,0.217202531285645,7.516846282475107e-05,7.404988346349288e-05,7.596897604628812e-05,0.3193960913157311,15957.68054811591,15880.822157273617,16040.7797291409,0.1216974495294368,47.57152202183882,47.28003660258258,48.02610660695176,0.2169439243738909,335.31031926043886,334.1178772507156,335.9792905321294,0.2537437144113671,60.0,55.0,63.0,4.941999999999999,1627.0,1605.0,1650.0,0.7289981561155501,20260729_093014
3090,RTX 3090,GPU,GPU board NVML TotalEnergyConsumption,6,-1,gpu_resident,5,0.0007474163896627,0.0007364217845821,0.0007517900052356,0.4978846202716931,0.2526645894428152,0.2499139048991354,0.2594184741959611,1.6140627040191664,0.0001888588882384,0.0001839027098239,0.0001945304318113,3.8907515478657135,17598.406358241613,17496.02591980529,17861.147326700593,0.4995984177276931,52.05854039199496,50.703166154527125,52.63147462982401,1.6316867407522826,339.9150058830869,337.93652811331305,345.8505883926909,0.8629484108376271,62.0,54.5,63.0,2.391290322580645,1455.0,1425.0,1507.0,1.5284536082474225,20260729_093014
5060ti,RTX 5060 Ti,GPU,GPU board NVML TotalEnergyConsumption,1,-1,gpu_resident,5,0.0007166533381088,0.0007151433660014,0.000722437168953,0.1984787292737259,0.1198900429799427,0.1175562678062678,0.1216667870036101,2.1971805364437147,8.592193468997175e-05,8.417593787030442e-05,8.789658114003284e-05,2.801118441315715,10324.032363465896,10241.378177793667,10345.830891169911,0.1987758126151902,61.71284466186225,60.811625618160775,62.93806389020633,2.16510413919961,167.28699681777482,164.17371104130112,168.41163710625415,0.9967252227713396,67.5,64.0,69.0,3.294666666666666,2715.0,2700.0,2731.5,0.8191160220994473,20260729_100925
5060ti,RTX 5060 Ti,GPU,GPU board NVML TotalEnergyConsumption,2,-1,gpu_resident,5,0.0005828563919627,0.0005827447050087,0.0005834592959183,0.0102152767540136,0.0924463869463869,0.0918750728013977,0.0926434402332361,0.148561849399974,5.388019495007685e-05,5.355089134880765e-05,5.4051605435835744e-05,0.1387390334476797,6346.977023933127,6340.418524356848,6348.193464829461,0.0102159861219094,40.01645166782499,39.93133559280309,40.26533189070815,0.148288371876555,158.61736335242776,157.62630262857724,158.8084400955322,0.1605448263731028,72.0,71.0,72.0,0.0,2730.0,2730.0,2730.0,0.0,20260729_100925
5060ti,RTX 5060 Ti,GPU,GPU board NVML TotalEnergyConsumption,3,-1,gpu_resident,5,0.0004731176098644,0.0004728469599623,0.0004761928977379,0.0848130647633392,0.084270028275212,0.0836580177653109,0.0846727661596958,0.2669470868304555,3.983201198982845e-05,3.953833121762003e-05,4.031733859974483e-05,1.093118552453216,7819.147207978272,7768.650376639385,7823.622742785072,0.0848612735899142,43.89908734272027,43.69027143207187,44.22031440328267,0.2673886645361112,177.82615790765743,176.87600226192254,178.32103607672923,0.4125975515069321,76.0,75.0,78.0,1.9507894736842104,2647.0,2632.0,2649.0,0.1120211560256894,20260729_100925
5060ti,RTX 5060 Ti,GPU,GPU board NVML TotalEnergyConsumption,4,-1,gpu_resident,5,0.0004846154214079,0.0004790703322352,0.000484842760985,0.0695507493477548,0.0861506518590053,0.083955294117647,0.0865180810028929,0.6323230724004018,4.162082554943685e-05,4.0268241294652575e-05,4.183785228099099e-05,0.7730837338149117,7633.632727598928,7630.053463613756,7721.991723231516,0.0695162706116265,42.940779434561065,42.75843860519601,44.06365395961238,0.6295612636202977,177.80523568975954,175.2933348079355,178.6972576197564,0.7437979586388135,77.0,72.5,78.0,0.0,2647.0,2647.0,2683.0,0.0,20260729_100925
5060ti,RTX 5060 Ti,GPU,GPU board NVML TotalEnergyConsumption,5,-1,gpu_resident,5,0.0010487651956087,0.0010343215590863,0.0010506620262605,0.1587213024962925,0.1862388282025819,0.1794166666666666,0.1883697478991596,0.6517967595058939,0.0001949508020594,0.000188163568768,0.0001979683085542,1.6406802787324462,7201.700619497869,7188.698880018954,7302.270793298188,0.158891827100291,40.62781954757792,40.0961351270367,42.097063903637896,0.9139267143281562,178.32506534848417,171.0763711049965,179.4633656774847,0.7578333765381899,73.0,67.5,74.0,0.0,2475.0,2475.0,2512.0,0.0,20260729_100925
5060ti,RTX 5060 Ti,GPU,GPU board NVML TotalEnergyConsumption,6,-1,gpu_resident,5,0.0012177912001216,0.0012107259,0.0012199919731707,0.1092988724516515,0.2179719512195121,0.2099981927710843,0.218264598540146,0.1728945358651863,0.0002658100575788,0.0002545187018346,0.0002658884800879,0.0437414645439012,10800.979324698306,10781.494990407373,10864.009228523251,0.1092205655662707,60.34421046079196,60.263272558431055,62.63562962311079,0.1730102569284179,178.82690867520347,173.26552593112172,179.19992531356417,0.1225136618780992,73.0,66.5,73.0,0.0,2730.0,2722.0,2745.0,0.2172307692307692,20260729_100925
