platform,platform_label,device_kind,energy_domain,problem_size,configuration,num_threads,sessions,runtime_s_median,runtime_s_ci95_low,runtime_s_ci95_high,runtime_s_session_cv_pct,energy_j_median,energy_j_ci95_low,energy_j_ci95_high,energy_j_session_cv_pct,power_w_median,power_w_ci95_low,power_w_ci95_high,power_w_session_cv_pct,throughput_gflops_median,throughput_gflops_ci95_low,throughput_gflops_ci95_high,throughput_gflops_session_cv_pct,efficiency_gflop_per_j_median,efficiency_gflop_per_j_ci95_low,efficiency_gflop_per_j_ci95_high,efficiency_gflop_per_j_session_cv_pct,edp_j_s_median,edp_j_s_ci95_low,edp_j_s_ci95_high,edp_j_s_session_cv_pct,temperature_c_median,temperature_c_ci95_low,temperature_c_ci95_high,temperature_c_session_cv_pct,clock_mhz_median,clock_mhz_ci95_low,clock_mhz_ci95_high,clock_mhz_session_cv_pct
3090,RTX 3090,GPU,GPU board NVML,64,gpu_resident,-1,5,5.217029646225186e-06,5.215406725472023e-06,5.224620282895767e-06,0.07237670389258764,0.0008412728598968,0.0008382078325822,0.0008424448040085,0.2497821909281841,161.272674,160.70032500000002,161.535514,0.23188316365763503,100.4954994609532,100.34949366873629,100.5267714671954,0.07231417332156044,0.6232080279688508,0.6223410691185296,0.6254868776218278,0.24993586911906343,4.3884049941422e-09,4.37204280930305e-09,4.4007040921198324e-09,0.28376203520273685,57.0,56.5,59.0,1.6755561029330441,1965.0,1965.0,1965.0,0.0
5060ti,RTX 5060 Ti,GPU,GPU board NVML,64,gpu_resident,-1,5,9.9198e-06,9.769017892877015e-06,1.0075756380418918e-05,1.1016885909169623,0.0003328180970606,0.0003295783996954,0.000336495,0.7999913726539977,33.558896000000004,33.203019,33.869034,0.7438881235224098,52.852678481420995,52.03460466937191,53.668445052422264,1.1009273973474911,1.575298953483701,1.5580855584778375,1.590783863519432,0.8002184581730523,3.305062765486325e-09,3.2217173522333052e-09,3.386740429400213e-09,1.8281729343378417,48.5,48.0,48.5,0.4619975160123533,2797.0,2797.0,2797.0,0.0
AMD,AMD CPU,CPU,CPU package RAPL,64,1T,1,5,6.141290389648509e-06,6.136828927019663e-06,6.175911330353776e-06,0.2997022410075897,0.0004489162576312,0.0004423055151285,0.0004541106732439,1.0397472708201365,73.10533894163612,72.04670089818529,73.46819705177424,0.7777654475108376,85.37098341477501,84.89241052137436,85.43304795276724,0.2993700589336953,1.167897110179334,1.1545379373155764,1.1853526172914262,1.0450364776931444,2.7544620769462603e-09,2.7163263941047747e-09,2.803565231052836e-09,1.29476347098843,72.0,68.0,74.0,3.4020690871988584,,,,
AMD,AMD CPU,CPU,CPU package RAPL,64,2T,2,5,6.159581298579428e-06,6.14866065369477e-06,6.164548240789945e-06,0.10245275595743127,0.000451306826107,0.0004493803465328,0.0004528438090883,0.2901998962692916,73.31500632371731,73.02168540834401,73.4691598379428,0.2676967388709458,85.11747383233914,85.04889239585479,85.26865109801628,0.10250133178914798,1.1617107689740482,1.1577678428585276,1.1666909869226614,0.29016379824695876,2.7809819007266395e-09,2.765516845880937e-09,2.7914529306430712e-09,0.39079379044375484,73.5,72.5,74.0,0.8881747146052653,,,,
AMD,AMD CPU,CPU,CPU package RAPL,64,4T,4,5,6.150596234245028e-06,6.141934057294482e-06,6.186674740699335e-06,0.32350522183073505,0.0004517064495809,0.000446565236352,0.0004593464443202,1.132972471029937,73.20037635337508,72.7075937837028,74.1440148559995,0.8067175622906305,85.24181722105114,84.74471698842456,85.36203663361188,0.3230878401638275,1.160683006599623,1.1413781612610694,1.1740457100577708,1.128994132313834,2.778044956810056e-09,2.7405870147657234e-09,2.8460165041222395e-09,1.5168725399508032,73.0,71.0,76.0,2.6277847078785985,,,,
AMD,AMD CPU,CPU,CPU package RAPL,64,8T,8,5,6.127075280692067e-06,6.116296975252062e-06,6.160477469889148e-06,0.28176956996087427,0.0004459453095281,0.0004423340011605,0.0004522180523704,0.8911242197925672,72.75567523662829,72.24234083688401,73.37484949787037,0.6219567275449548,85.56904819696952,85.10509170150962,85.71984030883219,0.28124385477129715,1.175677799044018,1.1593699040801877,1.1852762813269768,0.8860668668051288,2.7324931305866e-09,2.708341072517572e-09,2.786753236248901e-09,1.152368455815813,70.0,68.5,73.0,2.894166677294979,,,,
AMD,AMD CPU,CPU,CPU package RAPL,64,10T,10,5,6.172419863974154e-06,6.1237745999068695e-06,6.186053845487936e-06,0.38786735692611896,0.0004541538549446,0.0004451513001494,0.0004566349630847,0.9755889396692323,73.44997515925976,72.6720377587325,73.88870308817619,0.6027183756472457,84.94043042341478,84.75322282918891,85.61516944271159,0.38952051805625393,1.154428161936345,1.1481556218522653,1.1777748370588617,0.9857183418492281,2.804459982261312e-09,2.7255580813541724e-09,2.825336793693121e-09,1.37269161537627,74.0,71.0,75.0,2.0605639793618344,,,,
AMD,AMD CPU,CPU,CPU package RAPL,64,16T,16,5,6.1467178740935855e-06,6.119059274171343e-06,6.153620165038298e-06,0.22521233967033563,0.0004476439363255,0.0004445186658263,0.0004512257580713,0.5359489475469742,72.88295674166744,72.62696106009292,73.34049008196304,0.36686752857079913,85.29560177305407,85.19992881243053,85.68114419368821,0.22561576470439298,1.1712165796405851,1.1619194840316611,1.179451033907473,0.5360458131848749,2.7529329016632667e-09,2.718758464417539e-09,2.775858710043229e-09,0.7480358714217146,71.5,70.5,73.0,1.3432530769323567,,,,
AMD,AMD CPU,CPU,CPU package RAPL,64,20T,20,5,6.173973482929481e-06,6.125702909647779e-06,6.187697034134039e-06,0.39926278200926274,0.0004533963301336,0.0004464328177641,0.0004568939322758,0.9024487863405629,73.33371377934698,72.85723843904583,73.81567281010092,0.515688484523027,84.91905600981481,84.7307159849292,85.5882186474084,0.4001638048242016,1.1563569556143312,1.147504842947921,1.1743939494095157,0.9047875368665722,2.799909293554025e-09,2.734714777807354e-09,2.8303501854710733e-09,1.327964724446691,74.0,70.0,75.0,2.73972602739726,,,,
AMD,AMD CPU,CPU,CPU package RAPL,64,32T,32,5,6.158818006621535e-06,6.1134247678547455e-06,6.165196590494674e-06,0.35020877542303586,0.0004516739233829,0.0004422378253389,0.000453482937093,1.0231270200317228,73.22482541984287,72.33659353571653,73.65036937890909,0.6801942674657279,85.12802285054077,85.03994841110702,85.760113178587,0.35156284509816516,1.1607665903606803,1.1561361125534022,1.1855340496897173,1.0354919783388086,2.7826103914602046e-09,2.7059114142908304e-09,2.795128213362909e-09,1.3293467402164585,73.0,69.0,76.0,3.4430453766834375,,,,
AMD,AMD CPU,CPU,CPU package RAPL,64,64T,64,5,6.150360338662764e-06,6.112631039093457e-06,6.176278920229012e-06,0.4816992705858707,0.0004512140479586,0.0004413076462025,0.0004555554464798,1.5031838853743296,73.27155422228482,72.08452332754808,73.87309376267646,1.0785955459398837,85.2450866503202,84.88735803087076,85.7712491800839,0.4819666307192304,1.1619496386958783,1.1508763731205829,1.1880328938588645,1.5084909973546172,2.7774314011750022e-09,2.700884521930856e-09,2.8121425560994542e-09,1.9635112651366409,73.0,68.0,74.5,4.172461729888868,,,,
INTEL,Intel CPU,CPU,CPU package RAPL,64,1T,1,5,2.27955353191567e-06,2.215350190098708e-06,2.2967681789931632e-06,1.5460627484821163,0.0001302476983123,0.0001110574582882,0.0001380354596744,8.360876175946599,57.41033191136852,49.96518341379625,60.24669483449807,7.085782526047042,229.99591484013263,228.2720584494656,236.66145530546555,1.5575653597107493,4.0253148945702995,3.7982124393014516,4.720871592787986,8.811847893568943,2.955619710912405e-10,2.4818506690621315e-10,3.162630993779834e-10,9.493795020545962,98.0,85.0,98.5,6.101884970725289,,,,
INTEL,Intel CPU,CPU,CPU package RAPL,64,2T,2,5,2.3341587456962664e-06,2.2132106011218072e-06,2.4906083001705517e-06,4.837426683086316,0.0001422062872677,0.000110032423453,0.0001672945578622,15.990642431913418,61.11752635352188,49.5095934704562,68.12770648865398,11.914714005273279,224.61539985945038,210.506003679542,236.890244305831,4.862601999949225,3.686813080303828,3.1339214299598104,4.764850064617071,17.70288199309469,3.315061385578318e-10,2.4634228030416085e-10,4.1081442755775946e-10,19.868183264802777,97.5,85.0,98.0,5.952967341626987,,,,
INTEL,Intel CPU,CPU,CPU package RAPL,64,4T,4,5,2.495490320994838e-06,2.229277824035526e-06,2.5797295202666045e-06,6.391228089635282,0.0001533466426762,0.0001140091790174,0.0001568193792141,12.938393433745365,60.86617984688321,51.07709788083066,62.40684130810476,7.715379892694881,210.09418293034705,203.2337095347178,235.1828894304943,6.5267626899903055,3.4189727981659397,3.343260269409739,4.598647271374383,14.457366188963704,3.8794209340223957e-10,2.5404000381606684e-10,4.0434520969039164e-10,18.60807081812789,99.0,85.0,99.0,6.421264586426017,,,,
INTEL,Intel CPU,CPU,CPU package RAPL,64,8T,8,5,2.3804675770358197e-06,2.2413765182186234e-06,2.524669525731584e-06,4.754418193077073,0.0001511939551011,0.0001170486173811,0.0001555235666461,11.881399037869251,60.75489305707059,52.48169272264326,64.86477030723665,8.253973162822641,220.2458059323153,207.6659913927051,233.91339908240312,4.691994563090216,3.467651862466462,3.3711161035358588,4.479232747303323,12.836146326241506,3.5991294544620287e-10,2.613704804940644e-10,3.862481306477457e-10,15.888464827917364,99.0,92.5,99.0,2.9295037818638927,,,,
INTEL,Intel CPU,CPU,CPU package RAPL,64,10T,10,5,2.2824659460891084e-06,2.2202337226464302e-06,2.5116715423431825e-06,6.135213055042369,0.0001300904409313,0.0001125906344073,0.0001547981878529,13.887690227974977,57.03151408365595,50.32555325615365,62.08799289155611,8.369833080828233,229.70244129965724,208.74066977359726,236.1409047400062,6.026517419799641,4.030180820717438,3.386913033492452,4.656586249468782,13.830162705127247,2.967401140859297e-10,2.5143405610923917e-10,3.87920155261943e-10,20.07482454558037,97.0,86.5,99.0,5.339287448788256,,,,
INTEL,Intel CPU,CPU,CPU package RAPL,64,16T,16,5,2.2546644398164424e-06,2.233226943724793e-06,2.5382000522972326e-06,6.591047699133479,0.0001226988152536,0.0001021337789287,0.0001540899126827,18.439956152393368,54.97036828195608,45.225854076273066,61.25947297969424,12.345748295423164,232.53482458023046,206.55897454792265,234.76700452375053,6.435827071104226,4.272967093580941,3.402480998737453,5.133345750048155,18.274365599271324,2.7486604971657544e-10,2.3028878866323503e-10,3.906057118282888e-10,25.223905600710207,96.5,69.5,99.0,14.49506474947585,,,,
INTEL,Intel CPU,CPU,CPU package RAPL,64,20T,20,5,2.305018734654989e-06,2.247698617279887e-06,2.48187476929456e-06,4.342704063378102,0.0001247672184763,0.0001184978682045,0.0001629535845936,14.802304689346844,55.193678515235504,52.9640061863159,65.77859233126911,10.455682166197995,227.4549842556809,211.2467584933876,233.25547116031117,4.259296374969229,4.202129424722171,3.2174069770085403,4.424450903160551,14.0644128215975,2.864891299663444e-10,2.6634625251632717e-10,4.0271808219282485e-10,19.07349842516095,98.0,87.5,99.0,5.712295597705615,,,,
3090,RTX 3090,GPU,GPU board NVML,128,gpu_resident,-1,5,5.161102740856931e-06,5.160498668703173e-06,5.183126736815811e-06,0.19213474416869117,0.0009229959547593,0.000913588911308,0.0009327962864666,0.8803947535253606,178.839948,176.9864725,180.429354,0.8207917867257754,812.6759358608685,809.2227361927711,812.771065214522,0.19164159964338193,4.5442279333648825,4.496484453093053,4.591018945266036,0.8806983405302599,4.763598433803592e-09,4.715780447847844e-09,4.818814306089522e-09,0.9109837567540093,58.0,56.5,60.0,2.3211780216677482,1965.0,1953.5,1965.0,0.26203476579454404
5060ti,RTX 5060 Ti,GPU,GPU board NVML,128,gpu_resident,-1,5,9.920571233570831e-06,9.78786126601135e-06,1.003193120060518e-05,0.8919178741576653,0.0004186242111759,0.000407041659308,0.0004407619205195,3.3251448440582454,41.7281745,41.3126315,44.03391499999999,2.7433886815367194,422.78855735712443,418.0953712827473,428.5209900312799,0.8914114513846403,10.019258055377053,9.516030774746653,10.304360509758677,3.2720352565781585,4.203116042249507e-09,3.989367232476502e-09,4.358447073998479e-09,3.6946004725197077,50.0,49.0,51.0,2.0,2790.0,2782.0,2790.0,0.15723340247026443
AMD,AMD CPU,CPU,CPU package RAPL,128,1T,1,5,3.946580300632912e-05,3.9197482451668565e-05,3.985329892369864e-05,0.6225652860562777,0.0029427126186708,0.0028873460060389,0.0029860754211179,1.3655948962159836,74.51417589577596,73.56167927883817,75.03636430064819,0.8370795156480686,106.27692028279169,105.24358367497327,107.00442318385313,0.6217749491348793,1.4253189296801039,1.4046209182585798,1.4526502854966428,1.3681432559206792,1.1617693374288114e-07,1.1329088099543617e-07,1.189424038379704e-07,1.9209690130213704,76.0,71.0,77.0,4.0823017195432305,,,,
AMD,AMD CPU,CPU,CPU package RAPL,128,2T,2,5,2.514937415171166e-05,2.487517210303652e-05,2.5277929224090057e-05,0.6018390845703748,0.0022271713668124,0.0021674530002252,0.0022502068217367,1.3896982840713805,88.44757697720928,87.14644242815007,89.33150562816178,0.9114788776090466,166.77568096518763,165.9275157714579,168.614069588206,0.6038751963263708,1.8832426020288795,1.863963774122262,1.9351303117364986,1.406466162905914,5.599104980874006e-08,5.3914269719279446e-08,5.660706267349082e-08,1.9459656944761285,74.0,69.0,78.5,4.787592609057626,,,,
AMD,AMD CPU,CPU,CPU package RAPL,128,4T,4,5,1.4477002407821068e-05,1.4397475029735036e-05,1.4749324334303142e-05,0.9401625199657637,0.0016263004085608,0.0016173633779118,0.0016567900562685,0.9908698529992835,112.42009865792488,111.78998789396374,112.72043213358296,0.3087713927526319,289.72185552266444,284.3726197168995,291.32219304687277,0.9306916692417607,2.579046268402382,2.5315844841841986,2.593297249882907,0.9827449766578877,2.349205040563893e-08,2.3296853064548992e-08,2.4435869846787992e-08,1.9162787623593953,81.5,77.0,83.0,3.144861502639349,,,,
AMD,AMD CPU,CPU,CPU package RAPL,128,8T,8,5,1.851245028841675e-05,1.8052558533552022e-05,1.942036651636027e-05,2.813926115020732,0.002191258630499,0.0021582215623366,0.0022838174644467,2.141928212613417,119.4795415659128,117.59377857675896,119.67829805414108,0.8331578206034452,226.56665836528288,215.97450266793876,232.3384794573342,2.7512577428059135,1.9141072357327626,1.8365320632208029,1.9434075134802349,2.1066517400363636,4.0671802495355374e-08,3.896323006323019e-08,4.435133993845283e-08,4.969981654698776,67.0,64.0,68.0,2.4598318450830816,,,,
AMD,AMD CPU,CPU,CPU package RAPL,128,10T,10,5,1.824693754785081e-05,1.7958447037701974e-05,1.8409361670833947e-05,0.9883482539932991,0.0021799541452477,0.0021484891113105,0.0022080751305339,1.1066538542240332,119.8531121008543,119.50267984104474,120.32425136771523,0.26672914509496587,229.86344908568066,227.83538478930853,233.55605254699785,0.989514797768106,1.9240331312213985,1.8995295685368463,1.9522109644026207,1.107969914743129,3.9789689044708084e-08,3.8583527350480424e-08,4.0651511163870685e-08,2.0838976569900725,70.0,68.0,73.5,3.1717276276592763,,,,
AMD,AMD CPU,CPU,CPU package RAPL,128,16T,16,5,1.8497282457989014e-05,1.7902522483786595e-05,1.9366507654108584e-05,2.8859613719662804,0.0022111887767363,0.0021479091511698,0.0023006022209622,2.4928106189090773,119.6003717588288,118.83645683184238,119.9930610400762,0.38998882996027306,226.75244374551198,216.5751345008341,234.28564347837397,2.843740671040547,1.8968547797130033,1.823133074367711,1.9527380837851949,2.4641294416602584,4.0896499320114425e-08,3.8458264369005216e-08,4.455477953489283e-08,5.409386924423962,69.0,67.0,71.0,2.2915055508466518,,,,
AMD,AMD CPU,CPU,CPU package RAPL,128,20T,20,5,1.8336113908982692e-05,1.8096155582441e-05,1.8915879619218946e-05,1.9622246033839597,0.0022073487775844,0.0021725657617577,0.0022429032681208,1.3846132813302616,119.17531481178514,118.51945720835792,120.56623416080387,0.7631106465708539,228.74552485983682,221.73454708067055,231.7787322777995,1.952758045164003,1.9001546301124252,1.8700333891412833,1.9305763138818068,1.384453123321964,4.0488770671130143e-08,3.946909750141824e-08,4.2426484253386155e-08,3.3001117746003263,70.0,66.0,75.5,5.310403306548564,,,,
AMD,AMD CPU,CPU,CPU package RAPL,128,32T,32,5,1.8381452121430503e-05,1.8065214257397195e-05,1.98445631200421e-05,3.8555263303125114,0.0021948070173858,0.0021699355233772,0.0023114036583702,2.6428689845196733,119.28717098101993,116.48344056558363,120.27937203478729,1.2026883173991492,228.18131953296333,211.35784016146695,232.17571296075556,3.6919162534500884,1.911012661603283,1.8146133778110642,1.9329164183976095,2.5642100527545177,4.032664273922641e-08,3.925647432229124e-08,4.586730736992782e-08,6.591598973602812,67.5,65.5,72.0,3.574349910319555,,,,
AMD,AMD CPU,CPU,CPU package RAPL,128,64T,64,5,1.8193825508210956e-05,1.80499161217433e-05,1.8413739622297237e-05,0.9525457693307026,0.0021762437822618,0.0021557902137741,0.0021990877001722,0.8877124266308762,119.41240942990076,118.48899168554908,120.39882953454112,0.5980492460774282,230.53447435269135,227.78121587649196,232.37249257615417,0.9513640061622254,1.9273134904219245,1.9072927376527842,1.9455993320691043,0.8872422248006064,3.9327476072517195e-08,3.8922914179697043e-08,4.0441211694156e-08,1.7047603576304318,65.0,63.0,71.5,4.969995128810302,,,,
INTEL,Intel CPU,CPU,CPU package RAPL,128,1T,1,5,2.717564386971107e-05,2.4357874379682788e-05,2.764251824311201e-05,5.010297106255455,0.0016505662807055,0.0012299173153644,0.001837682415334,14.061614236454535,60.8473368895535,50.46363690486479,68.70685563948813,10.77387643799019,154.3405565700252,151.73378789557788,172.1949926590689,5.317755644523326,2.5411303072344555,2.2823878407943967,3.4102324990499957,16.435444026805285,4.506482591140831e-08,2.9907463348203336e-08,4.902782674502327e-08,17.56753813270578,98.0,85.0,99.0,6.265237080008889,,,,
INTEL,Intel CPU,CPU,CPU package RAPL,128,2T,2,5,2.1257476139978797e-05,2.045765804334088e-05,2.176815019036366e-05,2.3453504975343527,0.0014973233556518,0.0014686984791959,0.0016842536575468,6.922071117453717,71.70039034289941,68.17186073158211,79.46591611444231,7.231461050417723,197.30959462830114,192.6807727492039,205.02366356471958,2.3836533180323953,2.8012012129298403,2.490304225379694,2.8557965160393888,6.761496041586148,3.274268078996925e-08,3.00461372749595e-08,3.5823336066708024e-08,7.417650681929611,93.5,89.0,99.0,5.074319399070488,,,,
INTEL,Intel CPU,CPU,CPU package RAPL,128,4T,4,5,1.3199319247906131e-05,1.2690799774133109e-05,1.3287112132022688e-05,2.016669923380365,0.0012227639253655,0.0011787437755706,0.0012883577477145,3.971160644669073,92.53256844533075,88.88274610369977,101.30157457578537,6.239109042819539,317.7666909348648,315.6670884030166,330.4995803770379,2.0369170939648886,3.4301829756273423,3.2555429634668966,3.5582830526249385,3.9561590460431466,1.60855323067685e-08,1.5615939517289482e-08,1.6493722459325036e-08,2.0797475204564937,92.0,87.0,99.0,6.104520832817539,,,,
INTEL,Intel CPU,CPU,CPU package RAPL,128,8T,8,5,1.2722437863895323e-05,1.2242882154565644e-05,1.274924682384011e-05,1.791706009876997,0.0014828760522532,0.0013812434921429,0.001569803387012,5.384002291287479,119.34317653722177,108.29257437946504,123.75461190028544,6.408311695292853,329.67769580568415,328.9844535880327,342.59122541956765,1.8127270364926336,2.828492640114351,2.6718658111596607,3.03661448821948,5.372838517830962,1.845036680450878e-08,1.747451123457054e-08,1.992364215152912e-08,5.1287453483852,94.0,78.0,98.0,11.08108860372338,,,,
INTEL,Intel CPU,CPU,CPU package RAPL,128,10T,10,5,1.2571068788372388e-05,1.211558783888551e-05,1.3493028062217332e-05,4.081706591125618,0.0014470509976176,0.0013394949379776,0.001621829855193,7.313309563148166,114.59660859272012,106.68877628420717,123.59878820452064,5.609482245856743,333.6473668714248,310.84972036371374,346.19071363076563,3.9554366800754632,2.8985184398514154,2.586155376638366,3.1312578204533237,7.129887355522582,1.8156633505523653e-08,1.6871124894112318e-08,2.18518187428546e-08,10.590962567399572,87.5,76.0,98.0,9.453785610554526,,,,
INTEL,Intel CPU,CPU,CPU package RAPL,128,16T,16,5,1.2725080469656098e-05,1.2445469111410948e-05,1.3101816601019616e-05,1.960976614219452,0.0014895722949091,0.0013055955450077,0.001572007241487,7.352357672959399,118.28783668918292,104.81841421062418,123.3681226823328,6.9494145859053305,329.6092319417256,320.1314846426402,337.01453616998214,1.9403495588832436,2.815777397535414,2.668120024709623,3.2125599815640173,7.768623761903272,1.9113586823657672e-08,1.6248767913581742e-08,2.0031722048286027e-08,8.156559827610508,92.0,74.0,98.0,11.291995079911112,,,,
INTEL,Intel CPU,CPU,CPU package RAPL,128,20T,20,5,1.299612199374391e-05,1.2513920410584412e-05,1.3090033124486442e-05,1.8016495284240166,0.0015768671286087,0.0014218155982085,0.0016078915686626,4.9641101150289835,121.24285043131238,111.12554611936208,122.77853855321592,3.9980504136151533,322.735043732204,320.4196628161362,335.1710624955239,1.8279643663975929,2.6598969081819304,2.60857391241171,2.9499634166940214,5.168740923163902,2.0540724076120875e-08,1.8180976150231217e-08,2.0981677452233397e-08,6.254300015319778,97.0,82.0,98.0,7.127724797631889,,,,
3090,RTX 3090,GPU,GPU board NVML,256,gpu_resident,-1,5,7.180509782803805e-06,7.179988369087619e-06,7.2433070467004125e-06,0.4762355759742264,0.0019915961861547,0.0019802297612636,0.0020196103990151,0.7336255165564198,277.2113545,275.233385,278.8655465,0.5175584818001336,4672.987436122935,4632.474059661084,4673.326790397553,0.47540846399166786,16.848009768880733,16.61430938183099,16.944716545714705,0.7289847539413556,1.4299542522828053e-08,1.4218725551522504e-08,1.4626497999058478e-08,1.131935984243769,62.0,62.0,65.0,2.244783432338246,1965.0,1950.0,1965.0,0.4193894008462221
5060ti,RTX 5060 Ti,GPU,GPU board NVML,256,gpu_resident,-1,5,1.637327853013903e-05,1.6368196554886038e-05,1.637607250458475e-05,0.019600812422396755,0.0012479899127188,0.0012379650248886,0.0012592353037497,0.7779566046445838,76.18963600000001,75.625178,76.934031,0.7865456973162315,2049.3410613051533,2048.991416629713,2049.9773379116546,0.01960243459706638,26.886781421894845,26.646673501039057,27.104507256187983,0.7777515428712635,2.0442138841265857e-08,2.026517428685857e-08,2.0616127933464482e-08,0.7752336734440604,57.0,57.0,59.0,1.8952337629936542,2775.0,2771.0,2775.0,0.06448181032369087
AMD,AMD CPU,CPU,CPU package RAPL,256,1T,1,5,0.0002841132667617,0.0002828466309557,0.0002987185914652,2.4761436382619997,0.0216576111584327,0.0214525041369472,0.0226131004177857,2.3697331093384926,75.96983213358709,75.47586101516865,76.26961900371248,0.40108768226859287,118.10230610647191,112.32789976484946,118.63118852299627,2.4430919301946057,1.5493136225661297,1.483849245794208,1.5641265833488363,2.345393628900882,6.13752679230708e-06,6.085846223529711e-06,6.757304459699715e-06,4.833342772015262,76.0,74.0,77.0,1.611506409725775,,,,
AMD,AMD CPU,CPU,CPU package RAPL,256,2T,2,5,0.0001553230745437,0.0001549528403828,0.0001562240952675,0.35738932294090847,0.0144182130374265,0.0143025436863229,0.0144828394290123,0.4533256025427927,92.38231791618666,92.00650957206958,92.99962435650365,0.4149933246209652,216.02992407003563,214.78397389689016,216.54609181158705,0.3571783480454266,2.327225427513111,2.316840710999193,2.3460464610981826,0.4542458386606284,2.249464664600933e-06,2.2104908530236424e-06,2.254145348725432e-06,0.8095823168819989,77.5,76.0,79.0,1.4426245016127675,,,,
AMD,AMD CPU,CPU,CPU package RAPL,256,4T,4,5,8.786470844212359e-05,8.723173781802501e-05,8.828520014044945e-05,0.5295225009011734,0.0104991572671888,0.0104193379994799,0.0105512485516151,0.585776795581012,119.61415658095244,119.41676848613994,119.69546634275164,0.0941210308733434,381.887478999629,380.0685952642071,384.6585295594848,0.5296930310580327,3.1959166956058334,3.1801385244463565,3.2203996071223457,0.5862456249274276,9.224941191056854e-07,9.091080173520616e-07,9.315193503394428e-07,1.0852586985194126,83.0,82.0,84.0,1.0056009934303793,,,,
AMD,AMD CPU,CPU,CPU package RAPL,256,8T,8,5,9.127028998723328e-05,8.63703450047085e-05,9.224988493049802e-05,3.103793650964375,0.0123504890570855,0.0118515780327026,0.0124993969897818,2.5293782266799383,135.63428088798906,135.2992164823181,137.15742108445977,0.5902758872705635,367.63805620310325,363.7341339263485,388.49482421507946,3.136960785142856,2.7168504700427025,2.6844840617055845,2.8312206110791087,2.5477907877208494,1.1269786829841705e-06,1.0246721451800984e-06,1.152722242401839e-06,5.55882874276492,71.5,70.0,73.5,1.8075669141822326,,,,
AMD,AMD CPU,CPU,CPU package RAPL,256,10T,10,5,0.0001003160276372,9.507979027645376e-05,0.0001050123411406,3.5213456922814466,0.0140434021651964,0.0135534340800762,0.0144694261632181,2.3156761898067746,140.45764396520832,137.82564943515166,142.53084431578594,1.2271482927736357,334.4872478538721,319.52846337436,352.90814065152244,3.5399413287370947,2.3893378260687825,2.318988439589733,2.475714405792229,2.3297594049179065,1.4120363592707652e-06,1.2884727701227416e-06,1.5192189996255078e-06,5.814565962008454,70.5,66.5,72.0,3.0093968480633233,,,,
AMD,AMD CPU,CPU,CPU package RAPL,256,16T,16,5,7.063734392735529e-05,6.629204568089767e-05,7.354378181818182e-05,4.091778886170331,0.0120784995388762,0.0116849352632627,0.0124280965867563,2.462840823267307,170.7589155870351,168.49888151223507,176.345589113433,1.7588757914976845,475.02397647493626,456.2511088014857,506.16075662406126,4.209303414504252,2.778029828291234,2.6998850359560667,2.871597595024317,2.4877040204286596,8.528004993398196e-07,7.747772361597155e-07,9.103736392282446e-07,6.480737635802887,69.5,68.0,74.5,3.5774612631463136,,,,
AMD,AMD CPU,CPU,CPU package RAPL,256,20T,20,5,9.476170093979715e-05,9.150498956726844e-05,9.581109516977524e-05,1.7322946704287896,0.017719170652275,0.0173048365689921,0.0179992408417025,1.4110507968072388,187.53848277563847,186.95116056620333,189.1116534986012,0.4602102354585649,354.09275759325374,350.2144708871374,366.6951076512936,1.7627349671993122,1.8936796003876104,1.8642137351847434,1.9390204505094808,1.420470239495213,1.6790989484205224e-06,1.5838937659908008e-06,1.7245484624774803e-06,3.096562834123698,71.0,67.0,79.0,6.214691469633238,,,,
AMD,AMD CPU,CPU,CPU package RAPL,256,32T,32,5,7.319983755914967e-05,7.234723428902403e-05,8.2511785335617e-05,5.736956784603472,0.0159702319725969,0.0158108213509991,0.0176153653454041,4.656730853787186,218.1778974619709,213.3471012324092,218.9882284948204,1.0707029307488034,458.3948970226347,406.6622951317466,463.79702458219083,5.449896239633074,2.101061027640399,1.9048388348501923,2.1222447117132,4.455345172404309,1.1690187477611566e-06,1.1433239440778484e-06,1.4531923448394671e-06,10.628660077099594,66.0,65.0,68.0,1.7171316643059307,,,,
AMD,AMD CPU,CPU,CPU package RAPL,256,64T,64,5,7.579181508147025e-05,7.001337535014006e-05,8.95114772628467e-05,10.401440629466983,0.0164481361500568,0.015515893872549,0.0192189766976784,8.959945515737994,217.07153222955856,212.30563679148315,221.4759011379716,1.8494904609611487,442.71841179593895,374.8617833830271,479.2574537678375,9.917580618270186,2.0400142419713694,1.7459010709999605,2.1625845262685837,8.424665350691734,1.2465800715973144e-06,1.086225989755231e-06,1.720052080684644e-06,19.78499553519398,70.0,67.0,78.5,7.013305574711278,,,,
INTEL,Intel CPU,CPU,CPU package RAPL,256,1T,1,5,0.0001885600364963,0.0001808862976406,0.0001932620749613,2.555431005269263,0.0118498009332803,0.0116540295825771,0.0125675949235704,3.0614400759326172,64.53960357926127,61.6751751219428,67.08427976221128,3.509764218186731,177.95092016042548,173.62139988779043,185.50013150619483,2.6061509213711993,2.8316452055968298,2.66991673459088,2.8792128733021447,3.016579938272841,2.291367295880167e-06,2.111801489795488e-06,2.3600100364123507e-06,4.117423085538664,99.0,98.0,99.0,0.45264533957485625,,,,
INTEL,Intel CPU,CPU,CPU package RAPL,256,2T,2,5,0.000111381581883,0.0001082902478448,0.0001147458808618,2.3119336003925604,0.0090224798188729,0.0076476126171352,0.009547413354073,8.114150619134321,80.10610626576948,68.76937489266206,83.25186812558661,7.355957442559501,301.2565581556116,292.4238477929589,309.8564521533806,2.3103351322290084,3.7189811086983027,3.5145050031467866,4.3875695174227465,8.627150532101782,9.930583948003097e-07,8.513577641965115e-07,1.0953179017894726e-06,9.432357641305554,99.0,82.0,99.0,7.905585796095026,,,,
INTEL,Intel CPU,CPU,CPU package RAPL,256,4T,4,5,6.545919630063827e-05,6.421170606307606e-05,6.777885465551249e-05,2.1332089567777,0.0070102348500306,0.0069455434517766,0.0070600060857179,0.7280684211534137,107.42307680197558,103.17263476235443,109.73801199408793,2.81039921231326,512.600732919063,495.0575245117542,522.5594219072611,2.1228479334756147,4.786491853386842,4.752748311064381,4.8310736565066215,0.728327372874806,4.602089690816148e-07,4.3850442722008005e-07,4.752799071555173e-07,3.010729905748619,99.0,99.0,100.0,0.45082015675398984,,,,
INTEL,Intel CPU,CPU,CPU package RAPL,256,8T,8,5,3.945221954115439e-05,3.907287386012289e-05,3.99355042680999e-05,0.9719165427341558,0.0055113264120244,0.0050668891628507,0.005670509445147,4.3945303636349085,138.13997377684967,131.7922490012461,142.08907372074498,2.9632294838563906,850.5080928336075,840.2155579340701,858.7653961702849,0.9714840982431865,6.088267957926105,5.9173575715876705,6.622294453569975,4.477263551193037,2.1684149624597985e-07,1.9491959523571507e-07,2.2659570980135895e-07,5.812756487487496,99.0,82.0,99.5,8.606137400765284,,,,
INTEL,Intel CPU,CPU,CPU package RAPL,256,10T,10,5,6.503224979162659e-05,6.290887969446213e-05,6.648562470815822e-05,1.9693767253553764,0.0087030169263319,0.0084525557259713,0.0092101322417328,3.684424245967171,137.03930478602535,129.90561980615453,142.1983223197493,3.3304205396312185,515.9660338910863,504.6870229059102,533.3814902279017,1.9839245082487729,3.8554942825030607,3.6432084924859938,3.9697380399280595,3.661855941887577,5.664051066093366e-07,5.42336983331452e-07,6.053526414876076e-07,4.870812499508439,94.0,86.0,99.5,5.486166727575445,,,,
INTEL,Intel CPU,CPU,CPU package RAPL,256,16T,16,5,5.131122291021672e-05,5.059666951753283e-05,5.45139043381535e-05,3.0133915702853,0.0077932210092066,0.0073855135372079,0.0081550134541024,3.799827823951996,149.60898916933672,142.39284032080582,154.05277591697345,3.1723920044113556,653.9394326795295,615.520616389161,663.1747172286246,2.929561473795405,4.305592252594932,4.114577148014435,4.543276758068916,3.7690925709064436,3.943641735829133e-07,3.8463036898053766e-07,4.445208727319202e-07,6.129659181973761,97.0,86.0,100.0,6.315789473684211,,,,
INTEL,Intel CPU,CPU,CPU package RAPL,256,20T,20,5,6.004461649695728e-05,5.823037093377018e-05,6.172874518672452e-05,2.2227063108682064,0.0092104732330915,0.0087155394841391,0.0094805289159517,3.540276851081977,155.15134675334946,141.19449571754927,158.25191220584793,4.605835887363383,558.8249864448771,543.5787152079721,576.235930871263,2.2377720707046245,3.6430736131391415,3.539299578902413,3.8499546770528372,3.5906616415171597,5.386624567408444e-07,5.36596775223385e-07,5.787264105891766e-07,3.6408217330922157,100.0,98.0,100.0,0.8998261478872394,,,,
3090,RTX 3090,GPU,GPU board NVML,512,gpu_resident,-1,5,2.269167419792137e-05,2.2619119707171586e-05,2.2763509849990964e-05,0.26621930257924786,0.0072134093990058,0.0071338785469004,0.007248085481284,0.5992302516608579,317.8530975,313.706719,319.45391800000004,0.750775633997166,11829.689323874989,11792.35793464893,11867.634968786617,0.2663809135367323,37.21339537958258,37.03536012277364,37.62826269542149,0.6019727302485913,1.6351774961251068e-07,1.622465886162332e-07,1.6441095064942165e-07,0.4776709072459744,65.5,63.0,66.0,1.9124269735773782,1822.0,1815.0,1830.0,0.3416592929480622
5060ti,RTX 5060 Ti,GPU,GPU board NVML,512,gpu_resident,-1,5,6.959931792873051e-05,6.763384043272482e-05,6.959977032293987e-05,1.3520591005167746,0.0074871589643652,0.0072531440162271,0.0075697383073496,1.6399165693912348,107.5751375,106.750324,108.78785,0.7819326323079006,3856.8690612008163,3856.843991790078,3968.951848402161,1.3615848713149679,35.85277904177093,35.46165601780064,37.00953068068725,1.655693760537062,5.211011571438021e-07,4.916087365876382e-07,5.267219821636394e-07,2.7534601042039895,66.0,63.0,67.5,2.7227616164381,2737.0,2733.0,2767.0,0.503317203026731
AMD,AMD CPU,CPU,CPU package RAPL,512,1T,1,5,0.002179888286334,0.0021663123644251,0.0022418537946428,1.420796139104856,0.1687629781181619,0.1670345563991323,0.1714094441964285,1.0836267610094643,76.5672108889856,76.4690355005738,77.48392832876834,0.587017676659119,123.1418406543383,119.73816340809613,123.91355023781989,1.4104079418624391,1.5906062988059557,1.5660482259797979,1.607065398842191,1.0793098651933606,0.0003675722859464,0.0003616882541063,0.0003842810909172,2.497203549056745,77.5,75.5,80.0,2.1076581486850676,,,,
AMD,AMD CPU,CPU,CPU package RAPL,512,2T,2,5,0.001123597237569,0.0011213609566184,0.0011474707233065,1.0341340608390392,0.1056786632996633,0.1049971430939226,0.1075467669345579,1.103160777129533,94.08802206382296,93.43013118366017,94.30312336032436,0.3828663286658805,238.90718757976248,233.9366491429851,239.38362970073408,1.028538171437948,2.5401102513836893,2.4959881514926683,2.5565977139004405,1.1006505038738454,0.0001186347655964,0.0001180276926788,0.0001234067635679,2.112727448845146,78.0,74.0,80.0,2.8633970992647346,,,,
AMD,AMD CPU,CPU,CPU package RAPL,512,4T,4,5,0.0006020277945619,0.00060067193087,0.0006167462825278,1.3811204716897565,0.0757735513595166,0.0752669948979591,0.0766563667905824,0.8738194365892088,125.22987484830917,124.16835430128296,125.87614019668136,0.5993669317792085,445.8854863924388,435.24454642805273,446.89195916180734,1.3743708820766507,3.542600962786819,3.501802488674412,3.5664431184468444,0.872532879606763,4.559597278610637e-05,4.521688293489953e-05,4.727399492347301e-05,2.2484229755884746,87.0,86.0,91.0,2.225295512513462,,,,
AMD,AMD CPU,CPU,CPU package RAPL,512,8T,8,5,0.0004976058266932,0.0004853263821532,0.0005007663831915,1.29317921785596,0.0746009567354965,0.0739907742483026,0.0751526150575287,0.6216671635631988,150.81882796329933,149.4670135289373,152.70258690680214,0.883679288378892,539.4540047568705,536.0492736936508,553.1029547766572,1.301571423111889,3.598284361844833,3.5718711290953067,3.6279584681621047,0.6230392145601266,3.714038809937707e-05,3.594648280187396e-05,3.762264391200816e-05,1.801168945260842,77.0,71.0,78.0,4.033849386766378,,,,
AMD,AMD CPU,CPU,CPU package RAPL,512,10T,10,5,0.0005002458688032,0.0004956807051909,0.0005046502773575,0.703826343037394,0.0810933791645947,0.0797458773261508,0.0813782967725668,0.7966064428072034,161.31696350158865,160.89675502218583,162.67388834468633,0.4310639636488111,536.6070421375218,531.9237262795306,541.5491327156224,0.7043533373536143,3.310201877950582,3.2986123652871964,3.3661358430120734,0.8020729312285035,4.042527961689388e-05,3.952738126051318e-05,4.1044765059657616e-05,1.4251067628679455,77.0,73.0,79.0,2.8971724570720814,,,,
AMD,AMD CPU,CPU,CPU package RAPL,512,16T,16,5,0.0003065232558139,0.0002856098374927,0.0003273279517286,5.078135499711326,0.0648808432497734,0.0626773379280325,0.066899805936073,2.4128686286898446,211.704916424676,204.3257438454171,219.32541696324785,2.6252842998556307,875.7425445166733,820.0810672672709,939.8676822777893,5.0212261168567895,4.137360776378896,4.012499771023358,4.282815206801277,2.405939079412745,1.98758411106551e-05,1.7894638628485288e-05,2.1888376688179148e-05,7.501211760129994,73.5,71.0,77.0,2.9764068613128454,,,,
AMD,AMD CPU,CPU,CPU package RAPL,512,20T,20,5,0.0003519842357779,0.000345374483471,0.00035276203966,0.8808107274095152,0.0775443065455791,0.0763282420798898,0.0778344753895184,0.7617344445087513,220.63056893532377,220.243617528182,221.1346047734456,0.19608394331022808,762.6348816637948,760.9533504759303,777.2301338021101,0.8874032781626505,3.4617042560335314,3.4487989371885575,3.516856260347763,0.767572637440812,2.729599580545993e-05,2.63568544357164e-05,2.7451727123020308e-05,1.6346102619518819,72.0,71.0,76.5,3.1848888212629607,,,,
AMD,AMD CPU,CPU,CPU package RAPL,512,32T,32,5,0.0003313285950413,0.0003165241629816,0.000339958969142,2.5829638147622815,0.0805506995041322,0.0785566781427669,0.0821471887080366,1.6854002020767196,243.2443277261588,241.694053788857,248.40302214591944,1.1203012169120135,810.1789583435731,789.6113365606636,848.0725562035672,2.632919449340783,3.3325031024246963,3.2677375844724255,3.4170927583286077,1.6946801702780898,2.6700751814427708e-05,2.485640531125466e-05,2.7926559744254856e-05,4.216024444476578,73.0,68.0,79.0,6.699903266527961,,,,
AMD,AMD CPU,CPU,CPU package RAPL,512,64T,64,5,0.0004282555978031,0.0004102286298568,0.0005089328287606,9.173975905553847,0.1123216478664976,0.1085400764826175,0.1289095118259224,7.275117065616056,262.2874674593834,252.8896699802547,264.4331681970701,1.9004377470525955,626.8113187008922,527.4477118202783,654.3557335179256,8.728295718628228,2.389881746740886,2.0823556942988932,2.473146000067445,6.959752951721893,4.808983553880315e-05,4.452625719125865e-05,6.560688659583316e-05,16.78071957689931,79.0,77.0,81.0,2.120811220618696,,,,
INTEL,Intel CPU,CPU,CPU package RAPL,512,1T,1,5,0.001349437751004,0.001311755629139,0.0013629261517615,1.4478271702887482,0.0790135032552083,0.0627523857702349,0.0839312958500669,12.588684782077136,58.83063785106185,46.36033224724535,62.301357320721365,12.144910341523149,198.9239265021898,196.9552463668434,204.6383107013565,1.4645661214105294,3.3973364670716033,3.1982760814217315,4.2776932335746505,13.236420443322242,0.000106069269673,8.492670979944134e-05,0.0001130048443457,13.202231898207664,98.0,70.0,99.0,14.294089255854008,,,,
INTEL,Intel CPU,CPU,CPU package RAPL,512,2T,2,5,0.0007771700310559,0.0007534721595184,0.0008187920792079,3.070874731471409,0.0594339211956521,0.0562499468401486,0.0679194154290429,8.303474144670966,77.83058526350976,72.90474620481166,84.68123692383496,6.166413812804128,345.4011931408251,327.84324960701207,356.26459798007266,3.0203581195379012,4.516536190104809,3.952263933726597,4.772190394469906,8.15789106051752,4.616145800240032e-05,4.348461200870053e-05,5.587297321077794e-05,11.141865632275165,95.0,89.5,99.5,4.194046697502428,,,,
INTEL,Intel CPU,CPU,CPU package RAPL,512,4T,4,5,0.0004284252609603,0.0004135174319727,0.0004444602547211,2.7082695634536225,0.0461172231005709,0.0412339453856442,0.0481144509137271,6.31750027773796,102.7845975685479,95.25013841188245,113.79937551625603,7.71596426553912,626.5630915373932,603.9582913177331,649.1514873252595,2.712313312461779,5.820720285230638,5.579102554476313,6.510059939436625,6.480872583418527,1.9484660491667607e-05,1.787708629755743e-05,2.0631924671271056e-05,6.193024007953878,98.5,77.0,99.0,10.121875542172468,,,,
INTEL,Intel CPU,CPU,CPU package RAPL,512,8T,8,5,0.0002629244156504,0.0002463333333333,0.0002724130731441,3.953522702461808,0.0378899667030567,0.0373005748904356,0.0386712685254961,1.4211277035954473,146.63541638679277,139.5660920382989,153.93476676208576,4.433908498055706,1020.9605499586917,985.3985820203427,1089.7244492558987,3.9849079437960664,7.08460522290046,6.941470146577157,7.196550101130765,1.4231256737801732,9.90559311926735e-06,9.310764420382423e-06,1.0297282604371013e-05,3.7632097383150818,98.5,93.0,100.0,2.8088336282316213,,,,
INTEL,Intel CPU,CPU,CPU package RAPL,512,10T,10,5,0.0002991651590312,0.000295392846542,0.0003216042464878,3.5306597778492232,0.0458491040868454,0.0419936968731905,0.0465301276041666,4.05067588061245,153.75616596219635,141.63281985001208,154.33496734934573,4.388740122035343,897.2818120575492,834.6763419063965,908.7405437959137,3.395500682798053,5.854759026295064,5.769067694883403,6.392279698798649,4.258646101607623,1.379645076117929e-05,1.2456959721874457e-05,1.4751004966111925e-05,6.18485863113791,99.0,81.0,100.0,8.472876910046738,,,,
INTEL,Intel CPU,CPU,CPU package RAPL,512,16T,16,5,0.0002532285750188,0.0002475792054928,0.000297507262888,7.707923866625062,0.0389238862779592,0.0380563028445316,0.0423933446311592,4.895470531583963,153.89842185411533,142.56745192094434,159.59856217440085,4.067988448094852,1060.0519944483792,902.2820263082302,1084.2407199170307,7.110043169664097,6.896419696714678,6.332018818885532,7.053639894989751,4.824210224909974,9.863923528014535e-06,9.429990105488584e-06,1.262284109552275e-05,12.330411405757934,88.0,88.0,100.0,6.945164445661218,,,,
INTEL,Intel CPU,CPU,CPU package RAPL,512,20T,20,5,0.0003046368181818,0.0002886931034482,0.0003264109222536,4.99114616198143,0.0491742718181818,0.0472840374567201,0.0502156319080861,2.2284877429700476,161.5976194827802,144.78010452558436,171.55469338598317,6.285801672210107,881.1655058706796,822.3850297247197,929.8298185642844,4.932207751129785,5.458859807675853,5.345655243198771,5.677084074000737,2.2639810470314456,1.500784502318081e-05,1.4297661915029891e-05,1.5712485862555973e-05,4.287623210769493,100.0,93.0,100.0,3.0887476350515484,,,,
3090,RTX 3090,GPU,GPU board NVML,1024,gpu_resident,-1,5,0.0001209905795373,0.0001209120819195,0.0001211782387806,0.09562692501500387,0.0399124833676061,0.0395013713331743,0.0401171231216674,0.6122968447193926,329.916699,326.149996,331.8857795,0.6614098315543302,17749.18060738733,17721.693842143883,17760.703594780018,0.09559473002256695,53.804811597941004,53.53035015714116,54.36478723452535,0.6153220517316351,4.834098283702735e-06,4.782409701544811e-06,4.849210503647936e-06,0.5708495574046815,64.0,62.5,64.0,1.1135539861205472,1605.0,1605.0,1605.0,0.0
5060ti,RTX 5060 Ti,GPU,GPU board NVML,1024,gpu_resident,-1,5,0.000448735017889,0.0004486943455031,0.0004507767012167,0.204306671185789,0.0553448121645796,0.0550062333036509,0.0567845876520955,1.2953334023022802,123.3350335,122.6031485,125.9702965,1.0940080901305538,4785.638656199561,4763.963270958073,4786.072455609235,0.20374874216299318,38.8018960406623,37.818072417062844,39.04073264106718,1.2776314780694982,2.4835180034446093e-05,2.46786959652819e-05,2.5597220271444065e-05,1.4992519044598225,67.0,66.0,70.0,2.3104468104447236,2745.0,2730.0,2745.0,0.24464638703498795
AMD,AMD CPU,CPU,CPU package RAPL,1024,1T,1,5,0.0174476754385964,0.0172454051724137,0.0175391034482758,0.8180955983087171,1.3368925789473685,1.3273311810344826,1.3540527368421051,0.8813738924608768,76.93402029134462,76.22112977610826,77.6145819552509,0.6562752453210893,123.08136150042671,122.43976177762444,124.52497500233763,0.8196219597059404,1.6063247577384774,1.5859675104001627,1.6178958791025424,0.8796029409332571,0.0234255581505447,0.0228859505769867,0.0236341354027948,1.5953539120553442,78.0,75.0,80.5,2.661930854085715,,,,
AMD,AMD CPU,CPU,CPU package RAPL,1024,2T,2,5,0.0087680701754385,0.0085691398305084,0.0089279508928571,1.6309204530580155,0.8341272938596491,0.8108823347457628,0.8571256428571429,2.109337977257103,95.40774556042004,94.58716998927132,95.86793800094594,0.5115866935551476,244.92090106847283,240.53488575056082,250.6066758712924,1.636747932052173,2.5745274897590598,2.5054479070788003,2.6483295491611667,2.121143056039779,0.0073129477806162,0.0069485755689551,0.0076474180592873,3.691245993050253,77.0,75.0,80.0,2.7549614851423927,,,,
AMD,AMD CPU,CPU,CPU package RAPL,1024,4T,4,5,0.0046733674418604,0.0046483714953271,0.0047361924882629,0.7074040029899582,0.5896492069767442,0.5885600607476635,0.5960939929577465,0.5184107577484517,126.0837738037141,125.79439947329328,126.67526413108318,0.26179139173559673,459.5152584760418,453.41984163900304,461.9862354286476,0.7042061267898039,3.641968178013164,3.602592331696626,3.648707738122757,0.5156697568991285,0.0027570117418762,0.0027359079643749,0.0028217987551472,1.1963835287749816,87.5,86.0,91.0,2.2126661395707066,,,,
AMD,AMD CPU,CPU,CPU package RAPL,1024,8T,8,5,0.0033118316831683,0.0032874095394736,0.0033580415282392,0.9897587198373846,0.535258595709571,0.5328928256578948,0.5397032126245846,0.527191906890435,161.61247873783765,159.91844220706594,162.05635979193784,0.5271488131388267,648.4277745496977,639.504791689113,653.2449401919872,0.9879587045613782,4.012048877334079,3.9790084582909104,4.02986031074593,0.5259441900463407,0.0017721945889184,0.0017513604931422,0.0018130474599879,1.5140829273818954,78.0,78.0,83.0,2.892176993271693,,,,
AMD,AMD CPU,CPU,CPU package RAPL,1024,10T,10,5,0.0032367451612903,0.0031781984126984,0.0032704308681672,1.1904543676503452,0.5565093403225807,0.548495084375,0.5589622588424437,0.791050575698642,171.88267944907142,170.91513036643556,173.36413203209202,0.5095470075105848,663.4701037581607,656.6363071308347,675.6921277852858,1.1911971159199486,3.858845651638499,3.8419117105459484,3.915228612207195,0.7932754600089121,0.0018004534837512,0.001748917096529,0.0018277086717189,1.945469605913266,77.5,75.0,81.0,2.8489551181702732,,,,
AMD,AMD CPU,CPU,CPU package RAPL,1024,16T,16,5,0.0019111419047619,0.0018887457943925,0.0019457127862595,1.1444765381724178,0.4488921007604562,0.4449035738317757,0.4525105677480916,0.6386222832920541,234.43269094530137,232.6068148273798,235.7424455119491,0.5481422426645196,1123.6651986172344,1103.7002291218894,1136.9892414191827,1.1446701797159613,4.7839639957174676,4.745709384615927,4.826851871529343,0.6398890052505752,0.0008576660325907,0.0008399358959261,0.0008805450374778,1.794309306446746,79.0,77.5,84.0,3.1515730175336576,,,,
AMD,AMD CPU,CPU,CPU package RAPL,1024,20T,20,5,0.0018998009433962,0.0018410522935779,0.0020482852760736,4.395358902578592,0.4753712253787879,0.4723543731617647,0.4943936789366053,1.8699302966861302,251.3955029201798,241.37411544073524,257.4213934610244,2.5248089312495003,1130.3729769504312,1048.4299589930927,1166.4435907068025,4.2241247853514485,4.5174876672201405,4.34367132811859,4.5463401420961596,1.8303757390303026,0.0009047470790285,0.0008725230035354,0.0010119399799566,6.267526084229895,76.0,72.5,81.0,4.593425706346411,,,,
AMD,AMD CPU,CPU,CPU package RAPL,1024,32T,32,5,0.001783869680851,0.0016963254237288,0.0018968601851851,4.013301738363831,0.4823434441489362,0.4694309898305085,0.4964220527777777,2.0480078191791566,270.12555819701333,261.6861268852058,276.6411267664148,1.9762365969303184,1203.8343781792048,1132.1254274681523,1265.9620718762092,3.9975493261484227,4.452187904801103,4.325923145403286,4.5746524931712855,2.055451460471749,0.0008604743917489,0.0007965278383605,0.0009413676536255,6.025746174250526,74.0,66.5,76.0,5.020765440883116,,,,
AMD,AMD CPU,CPU,CPU package RAPL,1024,64T,64,5,0.0017508977272727,0.0017370224913494,0.0019215268714011,4.280923544140973,0.5024086896853146,0.4986183987889273,0.5514401986564299,4.273879289296107,286.97430344113394,286.9267267140856,287.0191184570194,0.011546656056188036,1226.504332349009,1117.5923063902517,1236.3015785315106,4.086350339226229,4.274376005210188,3.894318283709257,4.306868044211626,4.079442240532626,0.00087965102994,0.0008661113799517,0.0010596071771417,8.748762486586832,79.0,76.5,83.0,3.1327515622188815,,,,
INTEL,Intel CPU,CPU,CPU package RAPL,1024,1T,1,5,0.0114667298850574,0.0107352421052631,0.0117989252873563,3.7966795246418643,0.7185562873563218,0.5928657157894737,0.7776085176470589,9.631586946835817,62.664448741543055,55.19872041249312,66.38904859279988,6.698167480032351,187.27951818228863,182.0067163490931,200.0405418846741,3.877370017137012,2.9886088060003204,2.761651395612285,3.6222091964625767,10.550480347161932,0.0082394906456552,0.0063659137412845,0.0090940508503491,12.76853899920476,98.0,88.0,98.5,4.717180835231276,,,,
INTEL,Intel CPU,CPU,CPU package RAPL,1024,2T,2,5,0.0057486754385964,0.0054582368421052,0.0059387589285714,3.506096879934906,0.4798575327380952,0.3765525421052632,0.490860783625731,10.471346593092438,84.64794435200402,68.97728133091437,85.43920141673252,8.642586059440758,373.56147010524757,361.60478541542494,393.4390738478347,3.5148433266359667,4.475252552036294,4.3749342372345685,5.703011951515873,12.067552655428655,0.0028201571792679,0.0020521816963062,0.002850782579515,12.944155980573639,99.0,78.0,100.0,10.113533531017572,,,,
INTEL,Intel CPU,CPU,CPU package RAPL,1024,4T,4,5,0.0030922656716417,0.0030094575757575,0.0032191996855345,2.668486212021803,0.3468855910447761,0.3157028927492447,0.3528424106060606,4.47610759334846,108.94600447810856,102.87210427011826,117.40915097769962,5.30171223801147,694.4693231548536,667.0861884243265,713.5783090278202,2.66675076511083,6.190754829371976,6.086240155516934,6.802229872837102,4.657972267787634,0.0010622581686775,0.0009709632522664,0.0011282263324203,5.342634360436133,99.0,86.0,99.5,6.005812561130324,,,,
INTEL,Intel CPU,CPU,CPU package RAPL,1024,8T,8,5,0.0017181529605263,0.0016566963993453,0.0018205880872483,3.952191771635359,0.2641295251677852,0.2599873731587561,0.2683908215460526,1.316977812893221,156.4861966323262,144.6669084498836,157.63531797469352,3.520064859063908,1249.8792001279028,1179.5549268070743,1296.2445314957233,3.890769225290767,8.130418765701547,8.001330431605382,8.259953635089355,1.315838237388398,0.0004620644390444,0.0004306109606206,0.0004808574530265,4.793730011127606,99.0,94.5,100.0,2.696249460438682,,,,
INTEL,Intel CPU,CPU,CPU package RAPL,1024,10T,10,5,0.0018345819672131,0.0018230363636363,0.001976140625,3.4704977619740234,0.3012675954545455,0.2866118222021661,0.3068611470588235,2.5545339530722444,162.4432918244113,155.250729588081,164.40904205050714,2.488287331849596,1170.5574819653475,1086.7058856198555,1177.9708242991624,3.328287665982118,7.128160082268147,6.99822596826942,7.492655507019662,2.5977606739301558,0.0005536288573196,0.0005229855775442,0.000606175679656,5.576014198595389,99.0,90.0,100.0,4.187648662183485,,,,
INTEL,Intel CPU,CPU,CPU package RAPL,1024,16T,16,5,0.0022116209850107,0.0020663531827515,0.0022961856492027,4.444765311003335,0.3434189822175732,0.325703001026694,0.3477694214876032,2.6381316339520042,156.91553480546563,148.18648473419836,163.72827296978966,3.7929797856586305,970.9998514911047,935.2395564120291,1039.2626323155798,4.492280821299086,6.253246789484283,6.1750214806523775,6.593379984926809,2.71114412857797,0.000764972093782,0.000672959935742,0.00078158747184,6.014679611862168,100.0,89.0,100.0,5.030009765336951,,,,
INTEL,Intel CPU,CPU,CPU package RAPL,1024,20T,20,5,0.0020503696969696,0.0019435909090909,0.0020888873966942,3.4443871814071843,0.3323955616161616,0.3295714854085603,0.3430046228070175,1.8045129399561208,165.78825247482888,157.95263633791888,174.48176077475142,3.8523320584722764,1047.364117394991,1028.051416940201,1104.9051721508974,3.4766169659702073,6.460626723048236,6.260800890745502,6.51598740509309,1.7918543460033982,0.0006817499217983,0.0006417256480145,0.0007092683616974,3.8569987503557197,100.0,91.0,100.0,3.986418954932091,,,,
3090,RTX 3090,GPU,GPU board NVML,2048,gpu_resident,-1,5,0.0007522031602708,0.000751848758465,0.0007534766741911,0.09038584049513222,0.250474416854778,0.2480520989505247,0.2509823175319789,0.5920147302715508,332.7494845,330.004529,333.667254,0.5526603297467325,22839.400432477694,22800.79765235409,22850.166327434,0.09034460789832277,68.58931702378482,68.45051616758231,69.25911635775601,0.5931447311544736,0.0001885706667215,0.0001865061168417,0.0001889601601899,0.6313674420705098,64.0,61.5,66.0,3.0411214804396143,1695.0,1695.0,1695.0,0.0
5060ti,RTX 5060 Ti,GPU,GPU board NVML,2048,gpu_resident,-1,5,0.0035105244755244,0.003510294117647,0.0035270403508771,0.2339417915362291,0.4714739583333333,0.4665137931034482,0.4812526315789474,1.1994048230898828,133.729569,132.89958,136.44840699999995,1.061059448878919,4893.8183749405935,4870.902364280503,4894.139524558104,0.23370586371013075,36.438638614805086,35.698234267591154,36.826069106579254,1.1930171960088563,0.0016621508297526,0.0016375904525445,0.001697374657076,1.3126607663021537,68.0,66.0,71.0,2.667533351627746,2745.0,2730.0,2745.0,0.24464638703498795
AMD,AMD CPU,CPU,CPU package RAPL,2048,1T,1,5,0.138984125,0.1372861249999999,0.141384125,1.1735568443220836,10.80127075,10.6374694375,11.3502565,2.5354167717279004,78.09435152707687,76.74848710727642,80.23594754039256,1.6504483944498973,123.61029854308902,121.51200981015371,125.13915141825157,1.170179956686091,1.590541481797408,1.513610655759189,1.6150334705955764,2.470987983439751,1.5073834550659373,1.4591279430604844,1.60562645974625,3.6301359582292854,78.0,76.5,82.0,2.996375368811572,,,,
AMD,AMD CPU,CPU,CPU package RAPL,2048,2T,2,5,0.0710178666666666,0.0699414666666666,0.0713261785714285,0.7549067928600295,7.0026189,6.849783633333334,7.041657464285714,1.0965917891265917,98.58601167536033,97.57068361905718,98.82280521192158,0.5488711252684809,241.90911372537266,240.863446326309,245.63209784944004,0.7612707096583046,2.453349158269915,2.4397479245666034,2.5080893213030877,1.1040968078710551,0.4970312505064178,0.47905368094432,0.5013629062241021,1.7587186275529532,81.0,78.0,83.0,2.6163786029804266,,,,
AMD,AMD CPU,CPU,CPU package RAPL,2048,4T,4,5,0.0373827037037037,0.0371451964285714,0.0377223703703703,0.608347760193547,4.790577148148148,4.759162839285715,4.848556148148148,0.7566373087082631,128.30000705468387,128.1645514966961,128.85734811377134,0.2225201724735947,459.5673261133838,455.42920594126366,462.50581059750596,0.6073031101243159,3.5861794211248794,3.5432959130651005,3.609851094437118,0.7552401751021987,0.1788336576136858,0.1767893940572398,0.1828990151192647,1.3622695220324574,89.0,87.0,92.5,2.3517305584982147,,,,
AMD,AMD CPU,CPU,CPU package RAPL,2048,8T,8,5,0.0226487444444444,0.0225520777777777,0.0228271363636363,0.5276086220920595,3.9354968,3.912850533333333,3.9608710454545455,0.5050690840363192,173.4877506969398,172.8109550463867,173.83129436999533,0.22085785345094108,758.5351685229562,752.6072876739628,761.7865348499573,0.5274094303364509,4.365362254645969,4.337396746030255,4.390627507400487,0.5049770392592876,0.0891049730361555,0.0882548876053125,0.0903882433788398,1.0685028298617016,84.5,83.0,87.0,1.8808856799377278,,,,
AMD,AMD CPU,CPU,CPU package RAPL,2048,10T,10,5,0.02051512,0.0204505099999999,0.0208232551020408,0.7242951281217498,3.8569154,3.8540096530612247,3.8940233061224494,0.48530689217656126,188.15558066570736,186.8222967557124,189.0989784307586,0.5236797233480647,837.4247474058158,825.032834675126,840.0704522283348,0.7196113792604186,4.454302830702483,4.411855768040381,4.457661171230876,0.484230825923226,0.0793940384711282,0.0788758873625871,0.0810661551424852,1.1051502338904886,81.5,78.0,87.5,4.393605038095879,,,,
AMD,AMD CPU,CPU,CPU package RAPL,2048,16T,16,5,0.0120242321428571,0.0115901875,0.012064891566265,1.6677942144876694,3.148085869047619,3.092687448863636,3.1699852590361446,0.9440720267468985,262.5936416571436,261.7763927898537,266.68252552641883,0.7565918544662297,1428.770584257687,1423.9555398937143,1482.2770713588543,1.7035527003273578,5.45724287666822,5.4195422944091725,5.554996897702192,0.9532089256508541,0.0378495644533677,0.0358448269679631,0.0382199858173604,2.5671469042726285,85.0,83.5,88.5,2.3554993276763536,,,,
AMD,AMD CPU,CPU,CPU package RAPL,2048,20T,20,5,0.0124178209876543,0.0121820301204819,0.012533625,1.280867460116332,3.387450901234568,3.3378074518072287,3.40453108125,0.805305080207331,272.92315231978506,271.4104850669187,274.96801422393764,0.5496020308608254,1383.4850092524357,1370.702345410845,1410.2632331465943,1.2848104932549882,5.071621607191041,5.046177806575429,5.147052198801371,0.8094738159018441,0.0420473722593481,0.0406399370701016,0.0426619012127309,2.0731545562981686,81.0,75.0,82.0,3.5355339059327378,,,,
AMD,AMD CPU,CPU,CPU package RAPL,2048,32T,32,5,0.0087608478260869,0.0085361068376068,0.0090431891891891,2.4479458998617947,2.51485082173913,2.451135752136752,2.5959941981981984,2.438193616317881,287.01840660274127,287.01264372732413,287.0891880333577,0.011487742517495712,1960.9824899416749,1899.7577983371277,2012.6117808544889,2.449799316183004,6.831367107540544,6.617838050610449,7.008942352141708,2.439565843601363,0.022032226205995,0.0209234080519365,0.0234774489223887,4.884752269797513,73.0,71.0,80.0,4.977314420869573,,,,
AMD,AMD CPU,CPU,CPU package RAPL,2048,64T,64,5,0.0084523949579831,0.008329082644628,0.0085423093220338,0.9515587087869867,2.1149090714285714,2.0539827190082645,2.151891855932204,1.872930341445404,251.7634213074164,246.61553108284068,253.5435133656581,1.058500591634626,2032.5445355311983,2011.1504437900314,2062.6364171185746,0.9529412328343194,8.12321882585496,7.9836117863635145,8.364174160284586,1.898100308408161,0.017877733615508,0.0171043830113779,0.018377630584552,2.7764235559289308,67.0,66.0,75.0,5.510828054942153,,,,
INTEL,Intel CPU,CPU,CPU package RAPL,2048,1T,1,5,0.086887625,0.08373425,0.0897015,2.6429317793954388,5.7682791818181816,4.66724725,5.885930583333334,9.29493840808524,64.90370214427105,55.78829555446278,67.06671507334673,7.243652320275667,197.72515572844813,191.52265217415538,205.17135083911305,2.6508254931365816,2.9783352439236213,2.91880254800264,3.680942590731614,10.259240900435332,0.5099783929609583,0.3924293758936944,0.5188513699288333,11.152842775451333,99.0,94.0,99.5,2.310047229116688,,,,
INTEL,Intel CPU,CPU,CPU package RAPL,2048,2T,2,5,0.0465387954545454,0.0436747391304347,0.0473552954545454,3.160946570804183,3.973443681818182,3.501223695652174,4.01448975,5.541058175842027,84.33358456068012,80.19173346856903,87.38835783527958,3.263574524582538,369.1515651877934,362.78665393377855,393.3594001029355,3.239171916562521,4.323672501667062,4.279465200776761,4.906818494726285,5.97274458786168,0.1846312413549235,0.1525460136965122,0.187972861632843,8.290643709355882,99.0,96.0,99.5,1.410003752592643,,,,
INTEL,Intel CPU,CPU,CPU package RAPL,2048,4T,4,5,0.0235325119047619,0.0234061785714285,0.0252463902439024,3.6615150996347627,2.718036035714285,2.6454911249999995,2.774840738095238,2.086867631389238,113.12881700558792,106.10823033987036,117.86001432812988,4.372184866628892,730.0482521172585,680.4881417908584,733.9886402888148,3.608890741939664,6.320692205055782,6.191299179135215,6.494018831380507,2.091024689288538,0.0653079603882035,0.0625521287914153,0.069633555322483,4.209920609059128,96.0,89.0,99.0,3.870696597120076,,,,
INTEL,Intel CPU,CPU,CPU package RAPL,2048,8T,8,5,0.0140407697368421,0.013722375,0.0152654621212121,4.4319661907396055,2.109212522058824,2.01806031060606,2.1455549276315797,2.411837184166456,151.15564354659324,132.45167616250615,153.07473358696234,6.042092315429395,1223.5703245614163,1125.407737255968,1251.9603336885925,4.348414404724942,8.145157969776585,8.007191502183723,8.51306033507025,2.449919052016296,0.0300952732327889,0.0285549319095126,0.0311385841607104,3.323004202466358,100.0,99.0,100.0,0.4481098151302184,,,,
INTEL,Intel CPU,CPU,CPU package RAPL,2048,10T,10,5,0.0144533591549295,0.0143136849315068,0.0154240671641791,3.164252480502916,2.3791204726027395,2.2952334776119403,2.430561563380281,2.424697059406388,166.3125842695094,148.8285835457334,168.26062359589525,5.366480720860366,1188.6419620410932,1113.835216167794,1200.2408370876076,3.0977083058923482,7.221100983257631,7.068271564414627,7.485020304720666,2.4337070367968394,0.034632164442403,0.0340324229396128,0.0353978818288281,1.5329757778958542,100.0,96.0,100.0,1.8032806270159594,,,,
INTEL,Intel CPU,CPU,CPU package RAPL,2048,16T,16,5,0.0156591171875,0.0153135378787878,0.01585725,1.3707968554036538,2.575794446969697,2.4789388615384613,2.6313437890625,2.449059564530267,165.75059310777448,160.85257272628016,168.32399610357734,2.0207831652690267,1097.116074826616,1083.4078534424318,1121.8746001077536,1.3723984198199524,6.6697360902424965,6.528933716457049,6.930331945878629,2.4703523191441987,0.0396167662363668,0.0382728250769937,0.0417221595065913,3.3994286589671674,100.0,90.0,100.0,5.421374141540664,,,,
INTEL,Intel CPU,CPU,CPU package RAPL,2048,20T,20,5,0.0273102027027027,0.0272157162162162,0.0279781111111111,1.1294135499300932,4.25093268918919,4.0792700945945946,4.449011541666666,3.449052988201045,156.20834336711613,149.3532402964665,159.08396804623098,2.651480079730689,629.0641402782348,614.0467852090724,631.2481011895457,1.115395930808103,4.041435242597745,3.8615024984997377,4.2115056825398485,3.4409779503130604,0.1156714048764342,0.1114613301757125,0.1245181197515767,4.432457488737596,100.0,89.0,100.0,4.901699279659093,,,,
3090,RTX 3090,GPU,GPU board NVML,4096,gpu_resident,-1,5,0.0055513555555555,0.0055481767955801,0.0055656583333333,0.14918587228183078,1.7184388888888886,1.7094088397790057,1.7268555555555556,0.3737570365917182,309.6614715,307.8801125,311.126079,0.3930672751363171,24757.728467681816,24694.10539430061,24771.913105128402,0.14910864222477255,79.97895901952354,79.58914283817086,80.40145240489588,0.37417855027102687,0.0095613850675,0.0094890065737614,0.0095846388145833,0.3958093421697379,64.0,62.0,66.0,2.3248271119422137,1680.0,1676.0,1680.0,0.10653015614577369
5060ti,RTX 5060 Ti,GPU,GPU board NVML,4096,gpu_resident,-1,5,0.0281354166666666,0.028007581081081,0.0281374305555555,0.20320536865552846,3.898097222222222,3.784932432432433,3.9579583333333335,1.6122339701377588,138.55651749999998,134.969799,140.66791899999998,1.4857807058684112,4884.909120071096,4884.559490982514,4907.205412495955,0.2037591458767325,35.25795936758319,34.72470953382952,36.31212866425548,1.6296673761129108,0.1095370164857253,0.1061490001709276,0.1113646330509259,1.735790408838805,70.0,67.5,72.0,2.5939217809093447,2730.0,2730.0,2745.0,0.2404664943497601
AMD,AMD CPU,CPU,CPU package RAPL,4096,1T,1,5,1.0969085,1.0758885,1.1118475,1.2978173419124182,86.59272,83.6191805,87.549077,1.7825504741116793,78.83119377307892,77.72219368949698,79.3735732298808,0.7702949561600982,125.296643678119,123.61313352055923,127.74460687329588,1.3008508074407756,1.5871883164312195,1.5698503991309927,1.6436295195693766,1.8171838348345828,94.7730082741045,89.884600600937,97.34280625179947,3.0723675146390845,77.0,74.0,77.5,1.930350942899558,,,,
AMD,AMD CPU,CPU,CPU package RAPL,4096,2T,2,5,0.551253,0.5443595,0.555494,0.8613867906494473,53.7606895,52.9773325,53.9286,0.848125676807484,97.22442334534044,96.2332610707228,99.13405963855966,1.1293417135633967,249.32100772603508,247.41753011193637,252.478285897463,0.8618771192203337,2.5564953639964014,2.5485355353560077,2.5942973529669504,0.8506528692474549,29.35791131902875,28.907804523408124,29.88548921879525,1.2592208529671356,78.0,76.0,78.5,1.5130373418785257,,,,
AMD,AMD CPU,CPU,CPU package RAPL,4096,4T,4,5,0.2899064999999999,0.288347625,0.2965522499999999,1.2120364062368323,37.778169125,37.3112075,38.15085525,0.8209885123311502,129.43697572486096,128.57378651882442,130.29626348475665,0.6087664148671907,474.0802757854689,463.4561143002626,476.64326512833253,1.2057552006839758,3.638052257568213,3.602513038603506,3.683583638294204,0.8228030369341118,10.947151546987564,10.748135612383624,11.30437227544525,1.994584257185455,88.5,83.5,92.0,3.7902454727631634,,,,
AMD,AMD CPU,CPU,CPU package RAPL,4096,8T,8,5,0.1508828571428571,0.1486916428571428,0.1535484285714285,1.1617106382704325,28.639518857142857,28.356079714285716,28.888983857142858,0.7037301963534901,189.7458287072104,188.1178548149366,190.75979312508747,0.5031943764869132,910.8984020754041,895.0853795815004,924.3219782301152,1.1608611466765257,4.7989267612197315,4.757486595985547,4.846895440301596,0.7054223877157684,4.321786600880634,4.215701655223224,4.437431943653755,1.8668602196447024,86.0,83.0,91.0,3.468208092485549,,,,
AMD,AMD CPU,CPU,CPU package RAPL,4096,10T,10,5,0.1332950625,0.1329624375,0.13505825,0.6356291360917197,28.063006625,27.8513190625,28.1541636875,0.4575906045961387,209.6812025905155,208.46526535028912,210.6472096688895,0.38492333526445893,1031.0881055477955,1017.6272347079872,1033.6675233710273,0.6321252199103069,4.8975134884357745,4.881656404271767,4.934737674850476,0.45854252347389785,3.7384621566427114,3.7029316695550474,3.801803489058094,0.9961491233250874,87.0,85.5,90.0,2.049088639175065,,,,
AMD,AMD CPU,CPU,CPU package RAPL,4096,16T,16,5,0.0820877692307692,0.081503423076923,0.0831241538461538,0.8816031607122968,23.353643615384616,23.230627153846157,23.55588723076923,0.6179258570609857,284.2218701150519,283.3668933471487,285.6234240752869,0.3075967917999023,1674.2927084012333,1653.4177746503383,1686.2967012107579,0.8801161004751902,5.885118216904694,5.834590398805873,5.916282524866964,0.6173535491109761,1.9168140641020148,1.8963241147397043,1.957810031287453,1.4835036376158723,91.0,86.0,93.0,2.8846028341604635,,,,
AMD,AMD CPU,CPU,CPU package RAPL,4096,20T,20,5,0.0780081923076923,0.0773616071428571,0.0787833076923076,0.6825492001441987,22.239936923076925,22.060949321428573,22.461525384615385,0.667204729045255,285.1543240983567,284.9879262292103,285.3120336259366,0.042283586934900294,1761.8528183538908,1744.5186994277412,1776.578312523978,0.6819745250245477,6.179826586171141,6.11886107993967,6.229965513700751,0.6668794836590775,1.734897275787207,1.7066704228714031,1.76987079980137,1.3540076337810525,84.0,82.0,86.0,1.8823081310526069,,,,
AMD,AMD CPU,CPU,CPU package RAPL,4096,32T,32,5,0.0533719210526315,0.0521566,0.0553998157894736,2.3100376322464684,15.194005921052632,14.96857595,15.669283421052633,1.715608013988154,283.4165342712746,281.65883271859826,286.9722334339674,0.8934282945337649,2575.1172294598077,2480.8557846886283,2635.1210292081923,2.293067002425095,9.045603521949811,8.771234125955143,9.181832255191917,1.6940947441907361,0.8071884266828226,0.7807706444069824,0.8674796077369944,3.972472548862636,75.0,69.0,79.5,5.271859625786726,,,,
AMD,AMD CPU,CPU,CPU package RAPL,4096,64T,64,5,0.05718225,0.0565287222222222,0.0605418823529411,3.1333902454938087,14.10396963888889,13.953247694444444,14.598327088235294,2.1271067216590556,246.6101609720328,241.2573722782118,246.7670633033956,1.0007204847721622,2403.5247558814144,2270.1466840884123,2431.311872426702,3.091260807100762,9.744700037714164,9.414705715339208,9.849961563193778,2.113403990362262,0.8068935694201573,0.7889068157209861,0.8844995437841869,5.303311587773907,68.5,62.5,79.5,8.91743426326559,,,,
INTEL,Intel CPU,CPU,CPU package RAPL,4096,1T,1,5,0.66046725,0.6371835,0.686933,3.508677156414578,40.030003,33.9395645,47.63098175,13.577225124224055,60.60238085438132,53.67763400859705,69.73827733455272,10.24211192154224,208.09351784210347,200.0762133599638,215.6976027659222,3.5045580837724715,3.4333985303973122,2.885494869565648,4.0495202427243875,13.514228603716615,26.44128274461537,21.58353919496725,32.49663689676525,16.84255855270484,98.0,84.0,99.0,7.190734474557197,,,,
INTEL,Intel CPU,CPU,CPU package RAPL,4096,2T,2,5,0.352799,0.336608875,0.3691053333333333,3.5436150740892134,30.534528833333333,26.97662325,31.39919133333333,5.8184070647900645,85.26764939643559,79.73287667288955,89.84909341344795,4.664261923892066,389.56729886422585,372.35699693312483,408.30460418490156,3.5720159964233598,4.501099532996997,4.377149462639028,5.094742666578925,6.2398880269707355,10.961058618134668,8.984761499830938,11.187075965469386,8.694374877463238,99.0,90.5,99.0,3.9067991384888408,,,,
INTEL,Intel CPU,CPU,CPU package RAPL,4096,4T,4,5,0.19536975,0.1856660833333333,0.2120099,5.120351303242314,21.451971416666662,19.20400675,22.1488812,6.2702069528238855,104.69233719769434,103.10506503188954,109.43843491532849,2.960295721868669,703.481237356346,648.2666775089276,740.2480356374551,4.948014678461584,6.406821583083952,6.205232319906073,7.156785313668982,6.381433450814943,4.210620098087015,3.5672838728624585,4.698043185314921,10.966384355306293,99.0,86.0,99.0,7.293249574894728,,,,
INTEL,Intel CPU,CPU,CPU package RAPL,4096,8T,8,5,0.1094632,0.1054558499999999,0.1176013333333333,4.6997161369655425,16.9457696,16.589821611111113,17.247862350000002,1.8424110631674027,155.78198028605811,141.29016916898885,163.60221515205973,6.278085029987774,1255.5722240168386,1168.6853335449714,1303.2842983295864,4.667714989269927,8.110517062146295,7.968463029391001,8.28453474026204,1.8440232055077446,1.885881462651435,1.8121879809251,1.9505577124564937,3.2070079180406483,99.5,98.5,100.0,0.6558553727568056,,,,
INTEL,Intel CPU,CPU,CPU package RAPL,4096,10T,10,5,0.10153,0.1005630499999999,0.1063178,2.301306082657014,17.04769805,16.671954399999997,17.476212590909093,1.7129266615531464,168.4850238739458,156.87327042388887,172.2961808354989,3.7422458550971647,1353.6782573820547,1292.718185214517,1366.6943621141177,2.2680643559210445,8.0620241553375,7.864344334166204,8.243721772175673,1.7065802925419133,1.75826401362441,1.7204683686189002,1.7743612778372189,1.4254345687106693,99.0,94.0,100.0,2.8402122672490493,,,,
INTEL,Intel CPU,CPU,CPU package RAPL,4096,16T,16,5,0.1389341875,0.1343326875,0.140536125,2.1098972621636896,22.459014625,21.5927181875,22.8408343125,2.3130598934728677,162.45826745298598,160.2659601763365,162.96154717174193,0.7772273865498034,989.2378250817496,977.9617409545053,1023.1236792013113,2.1222405723775415,6.119545125502139,6.017247513449384,6.36506030776446,2.328869830769671,3.1330309153677502,2.911390080859359,3.2046904711208204,4.293844105011451,100.0,87.0,100.0,6.9439049920329445,,,,
INTEL,Intel CPU,CPU,CPU package RAPL,4096,20T,20,5,0.1741685,0.1707977499999999,0.1799004166666666,1.9552611038291103,28.261025916666668,26.23244125,28.61648866666667,4.057685080260307,156.9116956341568,151.41590436190836,164.63855461517187,3.8187802185571016,789.114871357335,763.9724021687928,804.6883139385624,1.9428759424185458,4.863197602141779,4.802788877172515,5.239274231558605,4.122853871563318,4.945549253500445,4.479734770905,5.085027350117472,5.062402788994211,100.0,87.0,100.0,6.943904992032945,,,,
3090,RTX 3090,GPU,GPU board NVML,8192,gpu_resident,-1,5,0.0417390208333333,0.0417100624999999,0.0417959791666666,0.07629847535582182,13.143166666666668,13.074854166666666,13.206083333333334,0.3589434259531408,315.195922,313.069397,316.2808735,0.3726805291247151,26342.53525415518,26306.636420493043,26360.824268148786,0.07625172724953604,83.65652324599601,83.257965289431,84.09360546285252,0.3591455298559549,0.5482763006675347,0.5463210667395832,0.5512588548602431,0.3279399324171236,64.0,64.0,66.0,1.3845622151701487,1605.0,1605.0,1605.0,0.0
5060ti,RTX 5060 Ti,GPU,GPU board NVML,8192,gpu_resident,-1,5,0.2244745,0.2244708999999999,0.2244768999999999,0.0010267441863771715,31.1611,30.9106,31.1857,0.3681991887833019,138.82007299999998,137.8195865,138.931492,0.33068238312561166,4898.158266422244,4898.1058976491595,4898.236821681566,0.0010267491251836226,35.28475014604748,35.25691672067646,35.57069832924628,0.3699671015888667,6.9947694311,6.93525658862,7.000197978039999,0.3892809516380247,70.0,69.0,71.0,1.0101525445522108,2730.0,2730.0,2730.0,0.0
AMD,AMD CPU,CPU,CPU package RAPL,8192,1T,1,5,8.719505,8.64064,8.898002,1.214314862696963,684.6218215,677.3559925,708.592193,1.7573567575240188,79.20143700085953,77.57301192314058,79.71132165377071,1.3512205345184112,126.09794108449964,123.56837273985778,127.24886441004372,1.2073871086234855,1.6060131203048427,1.5516846482896547,1.62324042298334,1.728682575930011,5954.030027757966,5907.694601362532,6315.454705599588,2.828714277553424,75.0,74.0,75.5,0.8980192680722046,,,,
AMD,AMD CPU,CPU,CPU package RAPL,8192,2T,2,5,4.4124855,4.342416,4.456137999999999,0.9847938362874704,430.154726,424.484419,436.6236145,1.136400422794016,97.91969902148948,96.4464686205926,98.81786737756586,0.9502619521188842,249.18192428643675,246.74092852959225,253.20273962144574,0.9858848053382688,2.556084035157154,2.51821383741488,2.590228471438901,1.1375225640707078,1918.7605033950056,1844.999343543608,1928.1945087199088,1.8858110747626797,79.0,78.0,80.0,0.9399491111654832,,,,
AMD,AMD CPU,CPU,CPU package RAPL,8192,4T,4,5,2.322616,2.281009,2.3408670000000003,1.1316530684066533,301.0901345,297.929806,303.105991,0.8204309606563587,130.1498173887294,129.5286680386209,130.74913631745846,0.3794328207278817,473.39363363379914,469.7027331223858,482.0286231996454,1.1342985863888702,3.6517690279088173,3.6274823343099145,3.690505634659461,0.8214000676378236,699.2800304001055,679.8407974865485,709.616408501508,1.9298945158996152,88.0,86.0,90.0,1.7967486705502156,,,,
AMD,AMD CPU,CPU,CPU package RAPL,8192,8T,8,5,1.185703,1.1798835,1.200679,0.7163248139578704,226.735421,225.866524,227.798652,0.30702981184064915,191.04470207054567,189.9838212593332,191.71936426166343,0.3839293992609653,927.3077893671518,915.7415327293972,931.8815186211181,0.7143209868976333,4.84931566019409,4.8266818882492775,4.867970730253059,0.30700071679909063,268.823618010392,266.3754331529595,273.3479808852735,1.0009606180695947,84.5,82.5,87.0,2.5223171740810657,,,,
AMD,AMD CPU,CPU,CPU package RAPL,8192,10T,10,5,0.99992525,0.9896605,1.005577,0.5871518337485561,215.186576,214.919008,218.890879,0.7843297419619587,216.20445403680287,215.02912151048636,217.72374133708504,0.49170522297042346,1099.5938224142255,1093.4136597953216,1110.998799867227,0.5888178426696573,5.109573506927309,5.023103899071098,5.115934779375122,0.7785382332149461,214.94152472112427,212.68215856878675,220.04830239625343,1.279956243594023,89.5,85.5,91.0,2.811034760133298,,,,
AMD,AMD CPU,CPU,CPU package RAPL,8192,16T,16,5,0.62900175,0.622141,0.63480575,0.8834034106119285,178.15545175,176.14189575,179.7577635,0.9221664226195697,283.02764971025874,282.4665239701575,283.2152503251282,0.1007929427269315,1748.026341382993,1732.0442163228674,1767.3029550793146,0.8840113425521441,6.171641771136538,6.1166294371258125,6.2421925408169106,0.9228063348109243,112.06370624726776,109.58510189668688,114.12446827165412,1.8051979190813698,91.0,87.5,95.0,3.2037362635099322,,,,
AMD,AMD CPU,CPU,CPU package RAPL,8192,20T,20,5,0.55775275,0.549557,0.57861525,2.034276795480181,158.450561,156.20850875000002,164.13878175000002,1.9565341841522612,283.87690218345153,283.6315021641693,284.05258435202927,0.06006825458093019,1971.324440401235,1900.2465416803307,2000.7235423732207,2.0107795049742636,6.939146323224442,6.698670576528754,7.0387435138740475,1.9344887456123883,88.36234755651464,85.84551000605549,94.97325768437476,4.0145759115850685,85.0,84.0,88.5,2.004149829325282,,,,
AMD,AMD CPU,CPU,CPU package RAPL,8192,32T,32,5,0.4649546666666666,0.4590096666666666,0.4860983333333333,2.340058570271298,132.31458633333332,129.79737749999998,138.32444800000002,2.5073607355246312,284.5295479510292,283.45142276703245,284.6457308733342,0.17238350703980782,2364.771679051148,2261.911947396103,2395.399721667445,2.2983096950607638,8.309829310927647,7.948787388444882,8.47098492244961,2.469708443445289,61.5301658349761,59.55043793361578,67.24497188132301,4.894425558361022,77.0,74.0,80.0,2.9859570514192835,,,,
AMD,AMD CPU,CPU,CPU package RAPL,8192,64T,64,5,0.4880948333333333,0.4770585,0.490435,1.1940741423652654,116.891187,115.30945366666666,117.70901849999998,0.953805684670102,240.1589660384522,238.3263602726077,242.3353030846007,0.6440259176685548,2252.6598371614264,2241.911013235189,2304.773162570209,1.2012458931907626,9.406283364852818,9.340929367922648,9.535312091187574,0.9556312900793078,57.321049020204,55.16649140748928,57.65646035702562,2.1006553228598634,68.0,64.5,74.5,5.453003337879091,,,,
INTEL,Intel CPU,CPU,CPU package RAPL,8192,1T,1,5,5.1445745,5.0443365,5.3928215,2.9055642354120295,338.347462,288.6193785,366.354805,9.291629940878755,65.50541201185831,57.2245330683247,68.53386841055394,6.8966119225867955,213.72255913020598,203.88429837256805,217.9695243915627,2.887122479854943,3.2496523581902914,3.001220709459509,3.809555801451496,9.743464087288515,1740.6636431922643,1457.3979341419015,1941.298385943816,11.675891714375389,98.5,91.0,99.0,3.5377062898697567,,,,
INTEL,Intel CPU,CPU,CPU package RAPL,8192,2T,2,5,2.651757,2.5305465,2.8184195,4.0064963829929585,215.619504,208.3782195,239.9031025,5.487545391008798,83.53452693738168,78.60153458264736,85.22504912997955,3.25049112097036,414.6351372980254,390.1163853627893,434.4957216854146,3.9218085610068325,5.099314335571424,4.583148847672781,5.276518968317608,5.249787682275385,556.0322183929879,545.5302304294714,675.178316454772,9.228154460013261,97.0,88.0,99.0,4.6691870545325616,,,,
INTEL,Intel CPU,CPU,CPU package RAPL,8192,4T,4,5,1.4417645,1.424277,1.5098155,2.9548747767460672,169.3801815,149.7714065,176.44394549999998,6.264770517198895,112.26271602885636,105.15150096812292,123.89705292345748,5.949482163063906,762.6152730047106,728.2423764863986,771.9787848683928,2.92918577021836,6.491382982583473,6.231506695569784,7.341265288685126,6.512155665750499,251.605561394105,213.3387562684075,258.36902217228896,7.876880445305617,99.0,87.5,99.5,5.3753763391519405,,,,
INTEL,Intel CPU,CPU,CPU package RAPL,8192,8T,8,5,0.867264,0.81153975,0.91774975,5.132805222222212,127.089915,124.132342,134.10627,2.874825722205285,146.77398899650458,138.39250290282388,165.3332138539441,6.652675647612955,1267.7934605564164,1198.051677786891,1354.84630022867,5.0865849225035,8.651446716098599,8.198808510414912,8.85757579419552,2.8114411252798543,109.9152517632865,101.183878706158,116.46427916039138,5.019891051708249,99.0,86.0,99.0,6.030888735995283,,,,
INTEL,Intel CPU,CPU,CPU package RAPL,8192,10T,10,5,0.755188,0.7368155000000001,0.80182475,3.7626809576953986,127.77964125,124.99429375,132.177335,2.203729544461992,170.38554036905856,155.70629452800267,175.12012066637885,4.66361610830067,1455.9442519955296,1371.261772321196,1492.2482328018343,3.7227406333257784,8.604748119654,8.318458136381702,8.796494582185677,2.181946222507989,99.85258643626275,92.75759992961574,101.27165404529174,3.820588605492666,99.0,91.0,100.0,3.7878707362626467,,,,
INTEL,Intel CPU,CPU,CPU package RAPL,8192,16T,16,5,0.98306275,0.9509555,1.00594725,2.146532566088043,166.11906625,165.29108075,171.52664525,1.665850004092152,170.78510021017604,168.72919091763305,174.12751316453242,1.2246385109341782,1118.455182821239,1093.0112168167864,1156.2177491754346,2.1553461482570992,6.6188165669152985,6.4101505988965295,6.651971920003312,1.6525758613362302,164.47813855235324,157.43156099263524,172.7403712151899,3.6499679722638145,99.0,92.5,99.0,2.9670155079068867,,,,
INTEL,Intel CPU,CPU,CPU package RAPL,8192,20T,20,5,1.135975,1.1316445,1.1751855,1.6091997623102656,190.343049,186.3250845,193.6207195,1.437915374111991,166.50690763842306,164.62367833552588,167.53506405506178,0.8497907302486932,967.9012546719779,935.6068703842925,971.6051531872422,1.589171642465194,5.776473759102178,5.678687852288453,5.901039201063665,1.4468527470295474,216.38956720886,210.714129779416,227.2015645496445,2.8912873247781112,100.0,99.0,100.0,0.4481098151302184,,,,
3090,RTX 3090,GPU,GPU board NVML,16384,gpu_resident,-1,5,0.33249425,0.331504875,0.333069375,0.18463947990626517,103.623875,103.080375,104.2845,0.4464049467358322,311.1984275,310.739581,314.5210985,0.5022087264410979,26454.872594662913,26409.19184541659,26533.827058223505,0.1846914970170662,84.88481078523651,84.34707959675696,85.33237313317883,0.445582524873521,34.50502702403125,34.18336661315625,34.562527668875,0.46755345532043835,63.0,62.0,65.0,2.1094980919809334,1597.0,1590.0,1601.0,0.34720880253653513
5060ti,RTX 5060 Ti,GPU,GPU board NVML,16384,gpu_resident,-1,5,1.79322,1.7931895,1.793286,0.002013991306369615,298.9525,298.19500000000005,302.8565,0.615831715853744,166.717081,166.29058750000002,168.893031,0.6167677490922944,4905.194578583776,4905.014048070414,4905.278010053037,0.0020139601573068355,29.423045541375306,29.04376502471633,29.497788434440544,0.612614317825053,536.0733924875001,534.728049285,543.077882754,0.6149146025869215,72.5,72.0,75.0,1.7078051574744486,2730.0,2730.0,2730.0,0.0
AMD,AMD CPU,CPU,CPU package RAPL,16384,1T,1,5,71.717308,70.7559665,72.6195985,1.1325405261031636,5529.4109705,5473.1820595,5574.735134500001,0.7962317280865229,77.10004515266701,76.82729747304148,77.50250692728497,0.36381911291211366,122.64951470582248,121.12560801624373,124.3159193113135,1.1330109820728855,1.5907830091009871,1.5778494959827223,1.6071259692412942,0.7968443297644127,396554.7865618301,386513.0372720143,404847.2606411609,2.001165502599063,72.0,71.0,72.5,0.8505172717997146,,,,
AMD,AMD CPU,CPU,CPU package RAPL,16384,2T,2,5,35.620862,35.504236,36.346091,1.0613241426104252,3498.837156,3394.3023625,3546.5001415,1.6342211307488244,97.49810173511368,95.56462795761485,98.18002314384526,1.0873991771758793,246.93655707175193,242.00932700597704,247.7477059978984,1.0559766735798164,2.5140046907081603,2.480217868675362,2.5914288365664127,1.656868408456528,124583.26635302804,120571.49605623107,128872.75100899092,2.5076678677848663,76.0,74.0,76.0,1.1831047499998888,,,,
AMD,AMD CPU,CPU,CPU package RAPL,16384,4T,4,5,18.721183,18.5793985,19.0960165,1.1427483107246268,2416.817062,2398.8268425,2447.5661285,0.8790662200986449,128.58566241286366,128.19805683971592,129.15278835588475,0.306207580886052,469.8470722821309,460.62449842395137,473.432604516664,1.1377536462315578,3.6395361322585695,3.5938122037988482,3.6668311636203477,0.8773017853985132,45257.26228688983,44592.3744109128,46784.19742211045,2.0612708547801915,86.0,85.0,87.0,0.9706032790418511,,,,
AMD,AMD CPU,CPU,CPU package RAPL,16384,8T,8,5,9.5721925,9.5118435,9.6804985,0.8425240232698159,1817.188549,1810.518705,1835.383073,0.5929814092176842,189.81474600619333,188.96987599539773,190.35133440160612,0.2948793536565071,918.921451089497,908.6405025741184,924.7516553660708,0.8412571082484845,4.8404955154755385,4.792510703408889,4.858327615128395,0.5917628019408028,17401.94848644137,17221.233035610912,17765.1869412478,1.4233767088287466,89.0,86.0,89.0,1.4782771893883555,,,,
AMD,AMD CPU,CPU,CPU package RAPL,16384,10T,10,5,8.000629,7.953291500000001,8.0930825,0.6474518460664341,1726.933443,1717.8086325,1736.494243,0.4148269893198876,215.33831237080773,214.4105722231152,215.92998660904905,0.2860648953493775,1099.4251854707923,1086.865606795433,1105.968896300104,0.6459445891245388,5.09347540744105,5.065431721219936,5.120531388532302,0.41456430750341455,13804.162851865402,13655.777841187171,14052.21917159285,1.0703133676465244,90.0,88.0,91.0,1.272517215512431,,,,
AMD,AMD CPU,CPU,CPU package RAPL,16384,16T,16,5,5.064331,5.0454170000000005,5.149445500000001,0.8639493924033445,1437.7523755,1432.9972735,1458.0677770000002,0.7907219061796915,283.94263295453106,283.1555528405877,284.1305381519444,0.14028045732149444,1736.8716662098113,1708.1631453732248,1743.3827614660986,0.8605013464676099,6.117947131994149,6.0327051739022135,6.13824826108994,0.7885866150492966,7280.696123772063,7231.495699843241,7513.508383463797,1.6669906065810889,91.5,88.5,94.0,2.142125653407223,,,,
AMD,AMD CPU,CPU,CPU package RAPL,16384,20T,20,5,4.466775999999999,4.392087,4.521796999999999,1.0579504458469662,1267.1995430000002,1247.8908795,1285.9968645,1.0971092553647246,284.184584902773,284.08069136068207,284.6610068957643,0.08411852646289751,1969.2263552522,1945.2649073383882,2002.7137491147146,1.0603862569606792,6.941363789781605,6.8399023862534465,7.0487677782631,1.0987989269676182,5660.295069622811,5480.846093901209,5816.981467333277,2.1649351802589805,87.0,85.0,89.5,2.060315014550851,,,,
AMD,AMD CPU,CPU,CPU package RAPL,16384,32T,32,5,3.638703,3.5695495,3.6672485,1.091909890417787,1037.6603730000002,1016.6718875,1045.817841,1.1458483336426835,285.1688950059115,284.81796601930773,285.1839408274607,0.054272991967931505,2417.370426277715,2398.5538537156676,2464.2025617540817,1.098903161163403,8.476851628030705,8.41073146523994,8.651850346563261,1.1536865931247025,3775.738286032194,3629.0622110159447,3835.274289804605,2.2302348852165634,84.0,80.0,86.0,2.852410128151331,,,,
AMD,AMD CPU,CPU,CPU package RAPL,16384,64T,64,5,3.8223485,3.6976105,3.865012,1.6905805084436625,954.040491,920.866684,966.8331945,1.7987550709574789,249.41643262495097,248.77284958904207,249.96795809931763,0.1925318586766728,2301.227379504511,2275.82554005214,2378.858731120544,1.7200181790091382,9.219831972737518,9.097839288355132,9.551972261609151,1.8252680529376413,3650.454205423579,3406.0035178617627,3732.6934711303625,3.404513757913328,79.5,79.0,82.5,1.8221724671391566,,,,
INTEL,Intel CPU,CPU,CPU package RAPL,16384,1T,1,5,40.210326,39.458341,40.7202355,1.2433439329305662,2262.0335765,2069.416913,2329.76726,4.436475277474193,56.074379101964325,51.55411809428577,57.95072780850023,4.448170863916673,218.75209423091968,216.01282296631118,222.92100476824407,1.2523741348472894,3.8885775673666267,3.7755243509637095,4.250517605684611,4.6611010959902455,92071.01963987909,83071.13934115469,93662.61108614906,4.717696739706574,88.5,72.5,96.0,10.624849881652517,,,,
INTEL,Intel CPU,CPU,CPU package RAPL,16384,2T,2,5,21.9445555,21.401932,22.354005,1.589544013857402,1915.1377665,1701.967048,1962.9402265,5.6705176980552405,86.66629115858626,77.50827894121598,87.7668300246121,5.024860497588288,400.8325902161928,393.49069762702476,410.9952794078591,1.5939845672953186,4.592929645099764,4.481080423876065,5.16819231755655,5.901654397390317,41695.095138320365,37248.41596523636,43879.8631852411,6.701261857652752,98.5,87.0,99.5,5.481754186977324,,,,
INTEL,Intel CPU,CPU,CPU package RAPL,16384,4T,4,5,12.2368555,11.9643915,12.280886,1.169011739947738,1384.446468,1337.002742,1393.5376615,1.8727534013829354,113.08857842095208,109.38361015616076,115.06230572659058,1.8934837820648258,718.8197182035858,716.2425432666665,735.1893343015397,1.1744964660785289,6.353508947814369,6.312059777946662,6.578964085780462,1.8871266723871924,16661.26349129864,16295.592069073116,17056.006195962378,2.161594405082721,99.0,99.0,99.0,0.0,,,,
INTEL,Intel CPU,CPU,CPU package RAPL,16384,8T,8,5,7.072073,6.7321455,7.2131175,2.6683436538411245,1081.9571905,1022.945593,1101.426807,2.8474943550863796,152.19881035028442,147.18233985007527,163.36178459315863,4.24150802776599,1243.7785953578252,1219.4578865806636,1306.5809439513748,2.7053001186807752,8.129797647671348,7.986089467139689,8.598788716036827,2.8955964162570322,7598.59318094877,7095.315150857066,7727.119721761852,3.3377500127897175,99.0,80.5,99.5,8.718465919077351,,,,
INTEL,Intel CPU,CPU,CPU package RAPL,16384,10T,10,5,6.532229,6.5039305,6.982886499999999,3.3357498573363142,1088.0854405,1034.2696905,1112.246207,3.180555019807575,161.89787916859024,148.06244682460152,170.74908774509498,5.7188010036792924,1346.5683799830042,1259.6643268092644,1352.4272779679916,3.285294391327996,8.084009485657667,7.908404602190745,8.504641587201187,3.2120070757417505,7227.848157785047,6857.4352150891855,7437.619499021732,2.922785404639796,98.5,86.0,99.5,5.910273257956757,,,,
INTEL,Intel CPU,CPU,CPU package RAPL,16384,16T,16,5,8.0313155,7.808968999999999,8.212121,2.2574293942922212,1306.166456,1286.2349275,1363.9677305,2.805789801536912,163.18583393517554,156.78284472427745,174.97440766185525,5.172113774258963,1095.2244401565347,1071.110986090926,1126.4090076690022,2.2598891790405538,6.73428182281233,6.448901118051781,6.838636421811832,2.784705080313903,10545.2633238591,10483.80605828905,10620.080986539124,0.46163171093663535,99.0,99.0,99.5,0.27606983745220065,,,,
INTEL,Intel CPU,CPU,CPU package RAPL,16384,20T,20,5,8.894534,8.863519,9.059704,0.980111696800027,1469.7525855,1421.024194,1503.758815,2.366447190245575,165.26075294821055,158.10795047949546,167.9719389770895,2.4509687034743153,988.932418742567,970.9029149526298,992.3928658818242,0.976273577040331,5.984744037184754,5.849404129483357,6.189967109179282,2.375553049034693,13057.263080412253,12771.73322591534,13583.75781395922,2.5135659889398476,99.0,99.0,99.5,0.22563753557011,,,,
