metric,policy,lower_is_better,problem_size,platform_a,platform_a_label,platform_b,platform_b_label,a_median,b_median,a_over_b_ratio,ratio_ci95_low,ratio_ci95_high,probability_a_better,cliffs_delta_a_minus_b,classification,analysis_type
runtime_s,runtime_opt,True,1000000,INTEL,Intel CPU,AMD,AMD CPU,5.226265657620041e-05,2.1910510621626327e-05,2.3852778914524984,2.3268364927633467,2.6082380989798555,0.0,1.0,clear_AMD,descriptive_native_best_post_selection_independent_sessions
runtime_s,runtime_opt,True,1000000,INTEL,Intel CPU,3090,RTX 3090,5.226265657620041e-05,1.538917117033889e-05,3.3960670134679853,3.3128603954800484,3.7135091902529087,0.0,1.0,clear_3090,descriptive_native_best_post_selection_independent_sessions
runtime_s,runtime_opt,True,1000000,INTEL,Intel CPU,5060ti,RTX 5060 Ti,5.226265657620041e-05,8.18810284123475e-06,6.382755271832822,6.226372174117814,6.979373571572141,0.0,1.0,clear_5060ti,descriptive_native_best_post_selection_independent_sessions
runtime_s,runtime_opt,True,1000000,AMD,AMD CPU,3090,RTX 3090,2.1910510621626327e-05,1.538917117033889e-05,1.4237615774822672,1.384537189979767,1.4302002424084985,0.0,1.0,clear_3090,descriptive_native_best_post_selection_independent_sessions
runtime_s,runtime_opt,True,1000000,AMD,AMD CPU,5060ti,RTX 5060 Ti,2.1910510621626327e-05,8.18810284123475e-06,2.6758958755728406,2.6021754027072785,2.6858419242217217,0.0,1.0,clear_5060ti,descriptive_native_best_post_selection_independent_sessions
runtime_s,runtime_opt,True,1000000,3090,RTX 3090,5060ti,RTX 5060 Ti,1.538917117033889e-05,8.18810284123475e-06,1.879455042117941,1.8751542286062912,1.890894147307691,0.0,1.0,clear_5060ti,descriptive_native_best_post_selection_independent_sessions
runtime_s,runtime_opt,True,2000000,INTEL,Intel CPU,AMD,AMD CPU,0.0002424371822803,3.01567331193498e-05,8.039238909626532,7.9519176426219715,9.305889623718322,0.0,1.0,clear_AMD,descriptive_native_best_post_selection_independent_sessions
runtime_s,runtime_opt,True,2000000,INTEL,Intel CPU,3090,RTX 3090,0.0002424371822803,3.152441523233088e-05,7.690457713285693,7.606924866592337,8.902154972657051,0.0,1.0,clear_3090,descriptive_native_best_post_selection_independent_sessions
runtime_s,runtime_opt,True,2000000,INTEL,Intel CPU,5060ti,RTX 5060 Ti,0.0002424371822803,1.4329228101849862e-05,16.919067835133568,16.735294911289884,19.58481139569345,0.0,1.0,clear_5060ti,descriptive_native_best_post_selection_independent_sessions
runtime_s,runtime_opt,True,2000000,AMD,AMD CPU,3090,RTX 3090,3.01567331193498e-05,3.152441523233088e-05,0.9566151472469374,0.9090704826804822,0.9641686579910566,1.0,-1.0,clear_AMD,descriptive_native_best_post_selection_independent_sessions
runtime_s,runtime_opt,True,2000000,AMD,AMD CPU,5060ti,RTX 5060 Ti,3.01567331193498e-05,1.4329228101849862e-05,2.1045608950461645,1.9999622567090911,2.114273958792306,0.0,1.0,clear_5060ti,descriptive_native_best_post_selection_independent_sessions
runtime_s,runtime_opt,True,2000000,3090,RTX 3090,5060ti,RTX 5060 Ti,3.152441523233088e-05,1.4329228101849862e-05,2.200007914471064,2.182772565363441,2.2088723032528326,0.0,1.0,clear_5060ti,descriptive_native_best_post_selection_independent_sessions
runtime_s,runtime_opt,True,4000000,INTEL,Intel CPU,AMD,AMD CPU,0.0013120183486238,4.327333956571623e-05,30.319322746776418,28.45684020654158,58.62284173566051,0.0,1.0,clear_AMD,descriptive_native_best_post_selection_independent_sessions
runtime_s,runtime_opt,True,4000000,INTEL,Intel CPU,3090,RTX 3090,0.0013120183486238,5.9670525059665874e-05,21.987712481361342,20.637031566148842,22.404895569013217,0.0,1.0,clear_3090,descriptive_native_best_post_selection_independent_sessions
runtime_s,runtime_opt,True,4000000,INTEL,Intel CPU,5060ti,RTX 5060 Ti,0.0013120183486238,9.55852901870943e-05,13.726153323965592,12.88297087150826,13.986586010182002,0.0,1.0,clear_5060ti,descriptive_native_best_post_selection_independent_sessions
runtime_s,runtime_opt,True,4000000,AMD,AMD CPU,3090,RTX 3090,4.327333956571623e-05,5.9670525059665874e-05,0.7252046051622013,0.37507073745260167,0.7312477908179974,1.0,-1.0,clear_AMD,descriptive_native_best_post_selection_independent_sessions
runtime_s,runtime_opt,True,4000000,AMD,AMD CPU,5060ti,RTX 5060 Ti,4.327333956571623e-05,9.55852901870943e-05,0.4527196546771471,0.2341434314265922,0.4564922023192432,1.0,-1.0,clear_AMD,descriptive_native_best_post_selection_independent_sessions
runtime_s,runtime_opt,True,4000000,3090,RTX 3090,5060ti,RTX 5060 Ti,5.9670525059665874e-05,9.55852901870943e-05,0.6242647267468614,0.6230098802245021,0.6335351951673825,1.0,-1.0,clear_3090,descriptive_native_best_post_selection_independent_sessions
runtime_s,runtime_opt,True,8000000,INTEL,Intel CPU,AMD,AMD CPU,0.0031249561128526,8.388368542663805e-05,37.25344322866674,31.92944924437584,39.98458282890916,0.0,1.0,clear_AMD,descriptive_native_best_post_selection_independent_sessions
runtime_s,runtime_opt,True,8000000,INTEL,Intel CPU,3090,RTX 3090,0.0031249561128526,0.0001164227770018,26.84144970021017,26.607160955416028,27.08337592217243,0.0,1.0,clear_3090,descriptive_native_best_post_selection_independent_sessions
runtime_s,runtime_opt,True,8000000,INTEL,Intel CPU,5060ti,RTX 5060 Ti,0.0031249561128526,0.0002428559980573,12.867527003040257,12.755211282994651,12.983504054526358,0.0,1.0,clear_5060ti,descriptive_native_best_post_selection_independent_sessions
runtime_s,runtime_opt,True,8000000,AMD,AMD CPU,3090,RTX 3090,8.388368542663805e-05,0.0001164227770018,0.720509230125486,0.6712949792439399,0.8406486906421698,1.0,-1.0,clear_AMD,descriptive_native_best_post_selection_independent_sessions
runtime_s,runtime_opt,True,8000000,AMD,AMD CPU,5060ti,RTX 5060 Ti,8.388368542663805e-05,0.0002428559980573,0.34540503877876777,0.3218122109238798,0.40299871458969144,1.0,-1.0,clear_AMD,descriptive_native_best_post_selection_independent_sessions
runtime_s,runtime_opt,True,8000000,3090,RTX 3090,5060ti,RTX 5060 Ti,0.0001164227770018,0.0002428559980573,0.4793901650900586,0.4775375574534383,0.4797770461037913,1.0,-1.0,clear_3090,descriptive_native_best_post_selection_independent_sessions
runtime_s,runtime_opt,True,16000000,INTEL,Intel CPU,AMD,AMD CPU,0.0067363724832214,0.0035483085106382,1.898474290785328,1.814586233493967,1.920355455286082,0.0,1.0,clear_AMD,descriptive_native_best_post_selection_independent_sessions
runtime_s,runtime_opt,True,16000000,INTEL,Intel CPU,3090,RTX 3090,0.0067363724832214,0.0002296336394948,29.335303390398707,29.187256073071442,29.673412050747913,0.0,1.0,clear_3090,descriptive_native_best_post_selection_independent_sessions
runtime_s,runtime_opt,True,16000000,INTEL,Intel CPU,5060ti,RTX 5060 Ti,0.0067363724832214,0.0004848536112457,13.893621346686718,13.82350400919189,14.05375446814831,0.0,1.0,clear_5060ti,descriptive_native_best_post_selection_independent_sessions
runtime_s,runtime_opt,True,16000000,AMD,AMD CPU,3090,RTX 3090,0.0035483085106382,0.0002296336394948,15.452041427573816,15.293491004742474,16.166387052277962,0.0,1.0,clear_3090,descriptive_native_best_post_selection_independent_sessions
runtime_s,runtime_opt,True,16000000,AMD,AMD CPU,5060ti,RTX 5060 Ti,0.0035483085106382,0.0004848536112457,7.318308925289394,7.243217166057864,7.656633281039883,0.0,1.0,clear_5060ti,descriptive_native_best_post_selection_independent_sessions
runtime_s,runtime_opt,True,16000000,3090,RTX 3090,5060ti,RTX 5060 Ti,0.0002296336394948,0.0004848536112457,0.4736143738412478,0.4729479524899252,0.47402236733946046,1.0,-1.0,clear_3090,descriptive_native_best_post_selection_independent_sessions
runtime_s,runtime_opt,True,32000000,INTEL,Intel CPU,AMD,AMD CPU,0.0138260821917808,0.0094632264150943,1.461032589236958,1.4487807243924615,1.4690527899123578,0.0,1.0,clear_AMD,descriptive_native_best_post_selection_independent_sessions
runtime_s,runtime_opt,True,32000000,INTEL,Intel CPU,3090,RTX 3090,0.0138260821917808,0.0004557578587699,30.33646469442718,30.15816766145462,30.50299385772158,0.0,1.0,clear_3090,descriptive_native_best_post_selection_independent_sessions
runtime_s,runtime_opt,True,32000000,INTEL,Intel CPU,5060ti,RTX 5060 Ti,0.0138260821917808,0.0009704689621726,14.246805133085545,14.163072136833216,14.325011626898485,0.0,1.0,clear_5060ti,descriptive_native_best_post_selection_independent_sessions
runtime_s,runtime_opt,True,32000000,AMD,AMD CPU,3090,RTX 3090,0.0094632264150943,0.0004557578587699,20.763715277748023,20.753510421579985,20.882478690049222,0.0,1.0,clear_3090,descriptive_native_best_post_selection_independent_sessions
runtime_s,runtime_opt,True,32000000,AMD,AMD CPU,5060ti,RTX 5060 Ti,0.0094632264150943,0.0009704689621726,9.751189150767754,9.742023258371887,9.806963586221544,0.0,1.0,clear_5060ti,descriptive_native_best_post_selection_independent_sessions
runtime_s,runtime_opt,True,32000000,3090,RTX 3090,5060ti,RTX 5060 Ti,0.0004557578587699,0.0009704689621726,0.46962641417154616,0.46915363890050316,0.47022572938251994,1.0,-1.0,clear_3090,descriptive_native_best_post_selection_independent_sessions
runtime_s,runtime_opt,True,64000000,INTEL,Intel CPU,AMD,AMD CPU,0.0280920833333333,0.0187388425925925,1.4991365232150544,1.4938492081077044,1.5041183750544138,0.0,1.0,clear_AMD,descriptive_native_best_post_selection_independent_sessions
runtime_s,runtime_opt,True,64000000,INTEL,Intel CPU,3090,RTX 3090,0.0280920833333333,0.0009091030881017,30.90087769033151,30.83273971428102,30.97485169930823,0.0,1.0,clear_3090,descriptive_native_best_post_selection_independent_sessions
runtime_s,runtime_opt,True,64000000,INTEL,Intel CPU,5060ti,RTX 5060 Ti,0.0280920833333333,0.0019405116279069,14.476637464746526,14.444715757319647,14.51129327357182,0.0,1.0,clear_5060ti,descriptive_native_best_post_selection_independent_sessions
runtime_s,runtime_opt,True,64000000,AMD,AMD CPU,3090,RTX 3090,0.0187388425925925,0.0009091030881017,20.612450708666184,20.56608836681548,20.68540621276923,0.0,1.0,clear_3090,descriptive_native_best_post_selection_independent_sessions
runtime_s,runtime_opt,True,64000000,AMD,AMD CPU,5060ti,RTX 5060 Ti,0.0187388425925925,0.0019405116279069,9.656650505518916,9.63493038411281,9.690829158777303,0.0,1.0,clear_5060ti,descriptive_native_best_post_selection_independent_sessions
runtime_s,runtime_opt,True,64000000,3090,RTX 3090,5060ti,RTX 5060 Ti,0.0009091030881017,0.0019405116279069,0.468486287341802,0.4681020145914736,0.46893740055702005,1.0,-1.0,clear_3090,descriptive_native_best_post_selection_independent_sessions
runtime_s,runtime_opt,True,128000000,INTEL,Intel CPU,AMD,AMD CPU,0.0566616111111111,0.0370681296296296,1.528580256874355,1.5210565823879767,1.5347318426181211,0.0,1.0,clear_AMD,descriptive_native_best_post_selection_independent_sessions
runtime_s,runtime_opt,True,128000000,INTEL,Intel CPU,3090,RTX 3090,0.0566616111111111,0.0018103218806509,31.29919144033019,31.27594178608172,31.425151237985464,0.0,1.0,clear_3090,descriptive_native_best_post_selection_independent_sessions
runtime_s,runtime_opt,True,128000000,INTEL,Intel CPU,5060ti,RTX 5060 Ti,0.0566616111111111,0.0038822480620155,14.595051682940316,14.585106128072537,14.653787697263759,0.0,1.0,clear_5060ti,descriptive_native_best_post_selection_independent_sessions
runtime_s,runtime_opt,True,128000000,AMD,AMD CPU,3090,RTX 3090,0.0370681296296296,0.0018103218806509,20.47598829016074,20.456869163967365,20.57726964449419,0.0,1.0,clear_3090,descriptive_native_best_post_selection_independent_sessions
runtime_s,runtime_opt,True,128000000,AMD,AMD CPU,5060ti,RTX 5060 Ti,0.0370681296296296,0.0038822480620155,9.548109507043035,9.539194112680311,9.595337775026668,0.0,1.0,clear_5060ti,descriptive_native_best_post_selection_independent_sessions
runtime_s,runtime_opt,True,128000000,3090,RTX 3090,5060ti,RTX 5060 Ti,0.0018103218806509,0.0038822480620155,0.4663076268524317,0.46616416306124603,0.46660060972470846,1.0,-1.0,clear_3090,descriptive_native_best_post_selection_independent_sessions
runtime_s,runtime_opt,True,256000000,INTEL,Intel CPU,AMD,AMD CPU,0.1159725,0.0734132142857142,1.5797224127614256,1.5779630030257794,1.5856757763323834,0.0,1.0,clear_AMD,descriptive_native_best_post_selection_independent_sessions
runtime_s,runtime_opt,True,256000000,INTEL,Intel CPU,3090,RTX 3090,0.1159725,0.0036189025270758,32.04631767015561,31.988728259472385,32.16708786285507,0.0,1.0,clear_3090,descriptive_native_best_post_selection_independent_sessions
runtime_s,runtime_opt,True,256000000,INTEL,Intel CPU,5060ti,RTX 5060 Ti,0.1159725,0.0077620465116279,14.940969475803566,14.916969533809006,14.99727621847778,0.0,1.0,clear_5060ti,descriptive_native_best_post_selection_independent_sessions
runtime_s,runtime_opt,True,256000000,AMD,AMD CPU,3090,RTX 3090,0.0734132142857142,0.0036189025270758,20.28604355504282,20.255028775386506,20.299711866179752,0.0,1.0,clear_3090,descriptive_native_best_post_selection_independent_sessions
runtime_s,runtime_opt,True,256000000,AMD,AMD CPU,5060ti,RTX 5060 Ti,0.0734132142857142,0.0077620465116279,9.457971448088834,9.442778942240539,9.464344031097735,0.0,1.0,clear_5060ti,descriptive_native_best_post_selection_independent_sessions
runtime_s,runtime_opt,True,256000000,3090,RTX 3090,5060ti,RTX 5060 Ti,0.0036189025270758,0.0077620465116279,0.46623046147102043,0.46548154728245167,0.4669443599893556,1.0,-1.0,clear_3090,descriptive_native_best_post_selection_independent_sessions
energy_j,energy_opt,True,1000000,INTEL,Intel CPU,AMD,AMD CPU,0.0077692344628316,0.0038193342316539,2.034185539050679,1.8742509620370347,2.2081445171676033,0.0,1.0,clear_AMD,descriptive_native_best_post_selection_independent_sessions
energy_j,energy_opt,True,1000000,INTEL,Intel CPU,3090,RTX 3090,0.0077692344628316,0.0053469386183744,1.4530248086509057,1.3387830624086396,1.5772842265058828,0.0,1.0,clear_3090,descriptive_native_best_post_selection_independent_sessions
energy_j,energy_opt,True,1000000,INTEL,Intel CPU,5060ti,RTX 5060 Ti,0.0077692344628316,0.0011669327765495,6.657825214066252,6.1343643797416725,7.227187471582134,0.0,1.0,clear_5060ti,descriptive_native_best_post_selection_independent_sessions
energy_j,energy_opt,True,1000000,AMD,AMD CPU,3090,RTX 3090,0.0038193342316539,0.0053469386183744,0.7143029879806383,0.7098147563935947,0.7199713476055709,1.0,-1.0,clear_AMD,descriptive_native_best_post_selection_independent_sessions
energy_j,energy_opt,True,1000000,AMD,AMD CPU,5060ti,RTX 5060 Ti,0.0038193342316539,0.0011669327765495,3.272968510617448,3.2347320402229824,3.3148114122302226,0.0,1.0,clear_5060ti,descriptive_native_best_post_selection_independent_sessions
energy_j,energy_opt,True,1000000,3090,RTX 3090,5060ti,RTX 5060 Ti,0.0053469386183744,0.0011669327765495,4.582045106475411,4.5175348208717665,4.64062375211578,0.0,1.0,clear_5060ti,descriptive_native_best_post_selection_independent_sessions
energy_j,energy_opt,True,2000000,INTEL,Intel CPU,AMD,AMD CPU,0.0320214308588064,0.0066708533772163,4.8002000715789555,4.726555290296234,5.10269065018922,0.0,1.0,clear_AMD,descriptive_native_best_post_selection_independent_sessions
energy_j,energy_opt,True,2000000,INTEL,Intel CPU,3090,RTX 3090,0.0320214308588064,0.0109568911165752,2.92249238567001,2.8705710450098523,3.0946918128892107,0.0,1.0,clear_3090,descriptive_native_best_post_selection_independent_sessions
energy_j,energy_opt,True,2000000,INTEL,Intel CPU,5060ti,RTX 5060 Ti,0.0320214308588064,0.0021483758185387,14.904948465016236,14.624518617163778,15.783179525939627,0.0,1.0,clear_5060ti,descriptive_native_best_post_selection_independent_sessions
energy_j,energy_opt,True,2000000,AMD,AMD CPU,3090,RTX 3090,0.0066708533772163,0.0109568911165752,0.6088272034687711,0.5771855543865662,0.6123991943324015,1.0,-1.0,clear_AMD,descriptive_native_best_post_selection_independent_sessions
energy_j,energy_opt,True,2000000,AMD,AMD CPU,5060ti,RTX 5060 Ti,0.0066708533772163,0.0021483758185387,3.1050681727341987,2.943693193202723,3.131671803532143,0.0,1.0,clear_5060ti,descriptive_native_best_post_selection_independent_sessions
energy_j,energy_opt,True,2000000,3090,RTX 3090,5060ti,RTX 5060 Ti,0.0109568911165752,0.0021483758185387,5.100081197165936,5.046030884027657,5.163034260920379,0.0,1.0,clear_5060ti,descriptive_native_best_post_selection_independent_sessions
energy_j,energy_opt,True,4000000,INTEL,Intel CPU,AMD,AMD CPU,0.1015006599025974,0.0118554116430803,8.561546655517503,8.12161878330869,8.766653222066829,0.0,1.0,clear_AMD,descriptive_native_best_post_selection_independent_sessions
energy_j,energy_opt,True,4000000,INTEL,Intel CPU,3090,RTX 3090,0.1015006599025974,0.0211038062283737,4.809590213453132,4.562453466562056,4.924812214206334,0.0,1.0,clear_3090,descriptive_native_best_post_selection_independent_sessions
energy_j,energy_opt,True,4000000,INTEL,Intel CPU,5060ti,RTX 5060 Ti,0.1015006599025974,0.0104232127517419,9.73794379143176,9.237567742077085,9.971232973477358,0.0,1.0,clear_5060ti,descriptive_native_best_post_selection_independent_sessions
energy_j,energy_opt,True,4000000,AMD,AMD CPU,3090,RTX 3090,0.0118554116430803,0.0211038062283737,0.5617665133382861,0.5557508140330489,0.5654553431809523,1.0,-1.0,clear_AMD,descriptive_native_best_post_selection_independent_sessions
energy_j,energy_opt,True,4000000,AMD,AMD CPU,5060ti,RTX 5060 Ti,0.0118554116430803,0.0104232127517419,1.1374047451059708,1.1274459321772174,1.139441640614762,0.0,1.0,clear_5060ti,descriptive_native_best_post_selection_independent_sessions
energy_j,energy_opt,True,4000000,3090,RTX 3090,5060ti,RTX 5060 Ti,0.0211038062283737,0.0104232127517419,2.024693031891428,2.006965359108703,2.0466092291469544,0.0,1.0,clear_5060ti,descriptive_native_best_post_selection_independent_sessions
energy_j,energy_opt,True,8000000,INTEL,Intel CPU,AMD,AMD CPU,0.2299276766917293,0.023155995866043,9.929509316803156,8.647586059858043,10.260039230390527,0.0,1.0,clear_AMD,descriptive_native_best_post_selection_independent_sessions
energy_j,energy_opt,True,8000000,INTEL,Intel CPU,3090,RTX 3090,0.2299276766917293,0.0412695530726257,5.571363379853064,4.919492825933651,5.721432620458578,0.0,1.0,clear_3090,descriptive_native_best_post_selection_independent_sessions
energy_j,energy_opt,True,8000000,INTEL,Intel CPU,5060ti,RTX 5060 Ti,0.2299276766917293,0.0246636341581756,9.322538406835392,8.231766209643139,9.573648622386692,0.0,1.0,clear_5060ti,descriptive_native_best_post_selection_independent_sessions
energy_j,energy_opt,True,8000000,AMD,AMD CPU,3090,RTX 3090,0.023155995866043,0.0412695530726257,0.5610915103755385,0.5430157969913534,0.6358062773897727,1.0,-1.0,clear_AMD,descriptive_native_best_post_selection_independent_sessions
energy_j,energy_opt,True,8000000,AMD,AMD CPU,5060ti,RTX 5060 Ti,0.023155995866043,0.0246636341581756,0.9388720136512062,0.9086260001055131,1.0638919122933812,0.8,-0.6,uncertain_AMD_advantage,descriptive_native_best_post_selection_independent_sessions
energy_j,energy_opt,True,8000000,3090,RTX 3090,5060ti,RTX 5060 Ti,0.0412695530726257,0.0246636341581756,1.6732957036238514,1.6597378029074799,1.68962910643183,0.0,1.0,clear_5060ti,descriptive_native_best_post_selection_independent_sessions
energy_j,energy_opt,True,16000000,INTEL,Intel CPU,AMD,AMD CPU,0.4811020912698412,0.4171638286219081,1.1532689515750967,1.0287138494669164,1.29735652822926,0.0,1.0,clear_AMD,descriptive_native_best_post_selection_independent_sessions
energy_j,energy_opt,True,16000000,INTEL,Intel CPU,3090,RTX 3090,0.4811020912698412,0.0812964408725602,5.9178739697106035,5.278733034238494,6.023562880752399,0.0,1.0,clear_3090,descriptive_native_best_post_selection_independent_sessions
energy_j,energy_opt,True,16000000,INTEL,Intel CPU,5060ti,RTX 5060 Ti,0.4811020912698412,0.0493795443528841,9.74294310679968,8.690687887542955,9.916944961616162,0.0,1.0,clear_5060ti,descriptive_native_best_post_selection_independent_sessions
energy_j,energy_opt,True,16000000,AMD,AMD CPU,3090,RTX 3090,0.4171638286219081,0.0812964408725602,5.1313910442383515,4.561486253734592,5.164764116070859,0.0,1.0,clear_3090,descriptive_native_best_post_selection_independent_sessions
energy_j,energy_opt,True,16000000,AMD,AMD CPU,5060ti,RTX 5060 Ti,0.4171638286219081,0.0493795443528841,8.448110125130041,7.509842433288294,8.518392929263202,0.0,1.0,clear_5060ti,descriptive_native_best_post_selection_independent_sessions
energy_j,energy_opt,True,16000000,3090,RTX 3090,5060ti,RTX 5060 Ti,0.0812964408725602,0.0493795443528841,1.646358668107312,1.6372365200563803,1.660055305827424,0.0,1.0,clear_5060ti,descriptive_native_best_post_selection_independent_sessions
energy_j,energy_opt,True,32000000,INTEL,Intel CPU,AMD,AMD CPU,0.9793557983870969,0.9132863018867924,1.0723425900112693,1.0011604632718043,1.1617890829871034,0.08,0.84,uncertain_AMD_advantage,descriptive_native_best_post_selection_independent_sessions
energy_j,energy_opt,True,32000000,INTEL,Intel CPU,3090,RTX 3090,0.9793557983870969,0.1612892938496583,6.072044678303189,5.668982207517496,6.148085613302317,0.0,1.0,clear_3090,descriptive_native_best_post_selection_independent_sessions
energy_j,energy_opt,True,32000000,INTEL,Intel CPU,5060ti,RTX 5060 Ti,0.9793557983870969,0.0978553398058252,10.008199862474926,9.343855316542923,10.146543195398696,0.0,1.0,clear_5060ti,descriptive_native_best_post_selection_independent_sessions
energy_j,energy_opt,True,32000000,AMD,AMD CPU,3090,RTX 3090,0.9132863018867924,0.1612892938496583,5.662411187304775,5.226460436941972,5.864830634023128,0.0,1.0,clear_3090,descriptive_native_best_post_selection_independent_sessions
energy_j,energy_opt,True,32000000,AMD,AMD CPU,5060ti,RTX 5060 Ti,0.9132863018867924,0.0978553398058252,9.333024684182085,8.614472290222084,9.666660944476368,0.0,1.0,clear_5060ti,descriptive_native_best_post_selection_independent_sessions
energy_j,energy_opt,True,32000000,3090,RTX 3090,5060ti,RTX 5060 Ti,0.1612892938496583,0.0978553398058252,1.6482421313921691,1.6411960083594657,1.661264580301283,0.0,1.0,clear_5060ti,descriptive_native_best_post_selection_independent_sessions
energy_j,energy_opt,True,64000000,INTEL,Intel CPU,AMD,AMD CPU,1.9753091612903224,1.6901122685185186,1.168744347984525,1.0305271412785115,1.1890711835815644,0.0,1.0,clear_AMD,descriptive_native_best_post_selection_independent_sessions
energy_j,energy_opt,True,64000000,INTEL,Intel CPU,3090,RTX 3090,1.9753091612903224,0.3208197093551317,6.1570692313786495,5.428926321319446,6.261284783761674,0.0,1.0,clear_3090,descriptive_native_best_post_selection_independent_sessions
energy_j,energy_opt,True,64000000,INTEL,Intel CPU,5060ti,RTX 5060 Ti,1.9753091612903224,0.1960968992248062,10.073127974480723,8.881866931100376,10.249665740765959,0.0,1.0,clear_5060ti,descriptive_native_best_post_selection_independent_sessions
energy_j,energy_opt,True,64000000,AMD,AMD CPU,3090,RTX 3090,1.6901122685185186,0.3208197093551317,5.268106102071326,5.2288383451255545,5.387296185045467,0.0,1.0,clear_3090,descriptive_native_best_post_selection_independent_sessions
energy_j,energy_opt,True,64000000,AMD,AMD CPU,5060ti,RTX 5060 Ti,1.6901122685185186,0.1960968992248062,8.618760802438635,8.5431331830581,8.813758928002777,0.0,1.0,clear_5060ti,descriptive_native_best_post_selection_independent_sessions
energy_j,energy_opt,True,64000000,3090,RTX 3090,5060ti,RTX 5060 Ti,0.3208197093551317,0.1960968992248062,1.6360264268500382,1.622413583841309,1.6481733584408784,0.0,1.0,clear_5060ti,descriptive_native_best_post_selection_independent_sessions
energy_j,energy_opt,True,128000000,INTEL,Intel CPU,AMD,AMD CPU,3.98362475,3.4010507142857147,1.1712923695219397,1.141722527817559,1.1892662442299513,0.0,1.0,clear_AMD,descriptive_native_best_post_selection_independent_sessions
energy_j,energy_opt,True,128000000,INTEL,Intel CPU,3090,RTX 3090,3.98362475,0.639745931283906,6.2268856356855045,6.069684899686811,6.250329765208545,0.0,1.0,clear_3090,descriptive_native_best_post_selection_independent_sessions
energy_j,energy_opt,True,128000000,INTEL,Intel CPU,5060ti,RTX 5060 Ti,3.98362475,0.3926027131782945,10.146707132385247,9.890548609088624,10.206307701092355,0.0,1.0,clear_5060ti,descriptive_native_best_post_selection_independent_sessions
energy_j,energy_opt,True,128000000,AMD,AMD CPU,3090,RTX 3090,3.4010507142857147,0.639745931283906,5.316252199463225,5.235905471879769,5.400891199713096,0.0,1.0,clear_3090,descriptive_native_best_post_selection_independent_sessions
energy_j,energy_opt,True,128000000,AMD,AMD CPU,5060ti,RTX 5060 Ti,3.4010507142857147,0.3926027131782945,8.662830388391075,8.531905434644896,8.806141522770545,0.0,1.0,clear_5060ti,descriptive_native_best_post_selection_independent_sessions
energy_j,energy_opt,True,128000000,3090,RTX 3090,5060ti,RTX 5060 Ti,0.639745931283906,0.3926027131782945,1.6294995164574302,1.610358018364199,1.6390710056727684,0.0,1.0,clear_5060ti,descriptive_native_best_post_selection_independent_sessions
energy_j,energy_opt,True,256000000,INTEL,Intel CPU,AMD,AMD CPU,8.0917723125,6.815670107142857,1.187230629607466,1.1545773671308153,1.1986721754042537,0.0,1.0,clear_AMD,descriptive_native_best_post_selection_independent_sessions
energy_j,energy_opt,True,256000000,INTEL,Intel CPU,3090,RTX 3090,8.0917723125,1.277,6.336548404463587,6.168406470242757,6.368981726645106,0.0,1.0,clear_3090,descriptive_native_best_post_selection_independent_sessions
energy_j,energy_opt,True,256000000,INTEL,Intel CPU,5060ti,RTX 5060 Ti,8.0917723125,0.7856279069767442,10.299751626235864,10.026445079850216,10.356741040772269,0.0,1.0,clear_5060ti,descriptive_native_best_post_selection_independent_sessions
energy_j,energy_opt,True,256000000,AMD,AMD CPU,3090,RTX 3090,6.815670107142857,1.277,5.337251454301376,5.286306410112989,5.4062278014691305,0.0,1.0,clear_3090,descriptive_native_best_post_selection_independent_sessions
energy_j,energy_opt,True,256000000,AMD,AMD CPU,5060ti,RTX 5060 Ti,6.815670107142857,0.7856279069767442,8.675442975760548,8.592634281147186,8.79171566662575,0.0,1.0,clear_5060ti,descriptive_native_best_post_selection_independent_sessions
energy_j,energy_opt,True,256000000,3090,RTX 3090,5060ti,RTX 5060 Ti,1.277,0.7856279069767442,1.6254514238351783,1.6165112137106075,1.6306510939665124,0.0,1.0,clear_5060ti,descriptive_native_best_post_selection_independent_sessions
edp_j_s,edp_opt,True,1000000,INTEL,Intel CPU,AMD,AMD CPU,4.07646423210429e-07,8.549286313311295e-08,4.768192434679849,4.2687813579154525,5.6374802096964025,0.0,1.0,clear_AMD,descriptive_native_best_post_selection_independent_sessions
edp_j_s,edp_opt,True,1000000,INTEL,Intel CPU,3090,RTX 3090,4.07646423210429e-07,8.214436896471798e-08,4.962560773770362,4.44279194029965,5.867283784116926,0.0,1.0,clear_3090,descriptive_native_best_post_selection_independent_sessions
edp_j_s,edp_opt,True,1000000,INTEL,Intel CPU,5060ti,RTX 5060 Ti,4.07646423210429e-07,9.55494169609149e-09,42.663412941303385,38.19493116600963,50.44136733773666,0.0,1.0,clear_5060ti,descriptive_native_best_post_selection_independent_sessions
edp_j_s,edp_opt,True,1000000,AMD,AMD CPU,3090,RTX 3090,8.549286313311295e-08,8.214436896471798e-08,1.0407635265885746,0.9944881219459262,1.0495311314151423,0.2,0.6,uncertain_3090_advantage,descriptive_native_best_post_selection_independent_sessions
edp_j_s,edp_opt,True,1000000,AMD,AMD CPU,5060ti,RTX 5060 Ti,8.549286313311295e-08,9.55494169609149e-09,8.947502334638457,8.549670088889403,9.061849904400711,0.0,1.0,clear_5060ti,descriptive_native_best_post_selection_independent_sessions
edp_j_s,edp_opt,True,1000000,3090,RTX 3090,5060ti,RTX 5060 Ti,8.214436896471798e-08,9.55494169609149e-09,8.597056013258527,8.472505689684727,8.726744273380838,0.0,1.0,clear_5060ti,descriptive_native_best_post_selection_independent_sessions
edp_j_s,edp_opt,True,2000000,INTEL,Intel CPU,AMD,AMD CPU,7.783918877574129e-06,2.0201543908535025e-07,38.5313068784088,37.419439470621484,47.104497997587735,0.0,1.0,clear_AMD,descriptive_native_best_post_selection_independent_sessions
edp_j_s,edp_opt,True,2000000,INTEL,Intel CPU,3090,RTX 3090,7.783918877574129e-06,3.454095852143541e-07,22.53532968039549,21.890108719696798,27.549426110952755,0.0,1.0,clear_3090,descriptive_native_best_post_selection_independent_sessions
edp_j_s,edp_opt,True,2000000,INTEL,Intel CPU,5060ti,RTX 5060 Ti,7.783918877574129e-06,3.0784259313594294e-08,252.85386269263782,245.6142698170631,309.113685307202,0.0,1.0,clear_5060ti,descriptive_native_best_post_selection_independent_sessions
edp_j_s,edp_opt,True,2000000,AMD,AMD CPU,3090,RTX 3090,2.0201543908535025e-07,3.454095852143541e-07,0.5848576522854269,0.5035821712601521,0.595586741522437,1.0,-1.0,clear_AMD,descriptive_native_best_post_selection_independent_sessions
edp_j_s,edp_opt,True,2000000,AMD,AMD CPU,5060ti,RTX 5060 Ti,2.0201543908535025e-07,3.0784259313594294e-08,6.5622965629106575,5.650358747449232,6.669120239668629,0.0,1.0,clear_5060ti,descriptive_native_best_post_selection_independent_sessions
edp_j_s,edp_opt,True,2000000,3090,RTX 3090,5060ti,RTX 5060 Ti,3.454095852143541e-07,3.0784259313594294e-08,11.220331198997588,11.05699484609999,11.385928251043682,0.0,1.0,clear_5060ti,descriptive_native_best_post_selection_independent_sessions
edp_j_s,edp_opt,True,4000000,INTEL,Intel CPU,AMD,AMD CPU,0.0001390163113622,5.143846433255903e-07,270.25750703488006,246.20073431729458,967.1916632857365,0.0,1.0,clear_AMD,descriptive_native_best_post_selection_independent_sessions
edp_j_s,edp_opt,True,4000000,INTEL,Intel CPU,3090,RTX 3090,0.0001390163113622,1.2592659558261002e-06,110.39471901787648,100.56801450271935,112.17421333249631,0.0,1.0,clear_3090,descriptive_native_best_post_selection_independent_sessions
edp_j_s,edp_opt,True,4000000,INTEL,Intel CPU,5060ti,RTX 5060 Ti,0.0001390163113622,9.969733226127186e-07,139.43834625172,127.02634467331173,141.6704533793893,0.0,1.0,clear_5060ti,descriptive_native_best_post_selection_independent_sessions
edp_j_s,edp_opt,True,4000000,AMD,AMD CPU,3090,RTX 3090,5.143846433255903e-07,1.2592659558261002e-06,0.4084797504020071,0.11413944434016764,0.41572593799224844,1.0,-1.0,clear_AMD,descriptive_native_best_post_selection_independent_sessions
edp_j_s,edp_opt,True,4000000,AMD,AMD CPU,5060ti,RTX 5060 Ti,5.143846433255903e-07,9.969733226127186e-07,0.5159462461619013,0.1441682673091092,0.5250988254084626,1.0,-1.0,clear_AMD,descriptive_native_best_post_selection_independent_sessions
edp_j_s,edp_opt,True,4000000,3090,RTX 3090,5060ti,RTX 5060 Ti,1.2592659558261002e-06,9.969733226127186e-07,1.2630889184938312,1.2524991469116846,1.2957308609447078,0.0,1.0,clear_5060ti,descriptive_native_best_post_selection_independent_sessions
edp_j_s,edp_opt,True,8000000,INTEL,Intel CPU,AMD,AMD CPU,0.0007630202709502,1.966296784424242e-06,388.0493916250911,297.1180278057237,435.6547895953911,0.0,1.0,clear_AMD,descriptive_native_best_post_selection_independent_sessions
edp_j_s,edp_opt,True,8000000,INTEL,Intel CPU,3090,RTX 3090,0.0007630202709502,4.800602780924658e-06,158.94259653851896,144.21837554073727,161.5225596932531,0.0,1.0,clear_3090,descriptive_native_best_post_selection_independent_sessions
edp_j_s,edp_opt,True,8000000,INTEL,Intel CPU,5060ti,RTX 5060 Ti,0.0007630202709502,5.9855624461018585e-06,127.4767873229896,115.66751511082946,129.54599609105884,0.0,1.0,clear_5060ti,descriptive_native_best_post_selection_independent_sessions
edp_j_s,edp_opt,True,8000000,AMD,AMD CPU,3090,RTX 3090,1.966296784424242e-06,4.800602780924658e-06,0.4095937269039176,0.364836104949368,0.5349476694912857,1.0,-1.0,clear_AMD,descriptive_native_best_post_selection_independent_sessions
edp_j_s,edp_opt,True,8000000,AMD,AMD CPU,5060ti,RTX 5060 Ti,1.966296784424242e-06,5.9855624461018585e-06,0.3285066027011057,0.2926096312205865,0.4290442699301394,1.0,-1.0,clear_AMD,descriptive_native_best_post_selection_independent_sessions
edp_j_s,edp_opt,True,8000000,3090,RTX 3090,5060ti,RTX 5060 Ti,4.800602780924658e-06,5.9855624461018585e-06,0.8020303562367954,0.7958205174667472,0.8091404767715143,1.0,-1.0,clear_3090,descriptive_native_best_post_selection_independent_sessions
edp_j_s,edp_opt,True,16000000,INTEL,Intel CPU,AMD,AMD CPU,0.003429599059385,0.001469303293958,2.3341668622727765,2.2484013497552966,2.6064180544541227,0.0,1.0,clear_AMD,descriptive_native_best_post_selection_independent_sessions
edp_j_s,edp_opt,True,16000000,INTEL,Intel CPU,3090,RTX 3090,0.003429599059385,1.8668397595539813e-05,183.71148577874663,177.65394113516578,187.67819025174285,0.0,1.0,clear_3090,descriptive_native_best_post_selection_independent_sessions
edp_j_s,edp_opt,True,16000000,INTEL,Intel CPU,5060ti,RTX 5060 Ti,0.003429599059385,2.394138365316744e-05,143.2498267046176,138.52643003309151,146.34288169753998,0.0,1.0,clear_5060ti,descriptive_native_best_post_selection_independent_sessions
edp_j_s,edp_opt,True,16000000,AMD,AMD CPU,3090,RTX 3090,0.001469303293958,1.8668397595539813e-05,78.7053782435532,70.48427456401363,81.0020447528225,0.0,1.0,clear_3090,descriptive_native_best_post_selection_independent_sessions
edp_j_s,edp_opt,True,16000000,AMD,AMD CPU,5060ti,RTX 5060 Ti,0.001469303293958,2.394138365316744e-05,61.37085956448518,54.96041836412894,63.16169522212803,0.0,1.0,clear_5060ti,descriptive_native_best_post_selection_independent_sessions
edp_j_s,edp_opt,True,16000000,3090,RTX 3090,5060ti,RTX 5060 Ti,1.8668397595539813e-05,2.394138365316744e-05,0.7797543310772679,0.7747653596083172,0.7862260542112967,1.0,-1.0,clear_3090,descriptive_native_best_post_selection_independent_sessions
edp_j_s,edp_opt,True,32000000,INTEL,Intel CPU,AMD,AMD CPU,0.0144909785096245,0.0086588719473555,1.6735411492082615,1.6188159166907343,1.817434513437132,0.0,1.0,clear_AMD,descriptive_native_best_post_selection_independent_sessions
edp_j_s,edp_opt,True,32000000,INTEL,Intel CPU,3090,RTX 3090,0.0144909785096245,7.351051651454567e-05,197.1279647689204,192.47888249425597,199.706444732698,0.0,1.0,clear_3090,descriptive_native_best_post_selection_independent_sessions
edp_j_s,edp_opt,True,32000000,INTEL,Intel CPU,5060ti,RTX 5060 Ti,0.0144909785096245,9.497065554156411e-05,152.58374733743406,148.985199582021,154.78631669346015,0.0,1.0,clear_5060ti,descriptive_native_best_post_selection_independent_sessions
edp_j_s,edp_opt,True,32000000,AMD,AMD CPU,3090,RTX 3090,0.0086588719473555,7.351051651454567e-05,117.79092785509339,108.46496163215917,121.77293461006943,0.0,1.0,clear_3090,descriptive_native_best_post_selection_independent_sessions
edp_j_s,edp_opt,True,32000000,AMD,AMD CPU,5060ti,RTX 5060 Ti,0.0086588719473555,9.497065554156411e-05,91.17418320405218,83.95556825256261,94.25639182579418,0.0,1.0,clear_5060ti,descriptive_native_best_post_selection_independent_sessions
edp_j_s,edp_opt,True,32000000,3090,RTX 3090,5060ti,RTX 5060 Ti,7.351051651454567e-05,9.497065554156411e-05,0.7740340012960492,0.7707605539699597,0.7805009623990307,1.0,-1.0,clear_3090,descriptive_native_best_post_selection_independent_sessions
edp_j_s,edp_opt,True,64000000,INTEL,Intel CPU,AMD,AMD CPU,0.0600688546593402,0.0316989788981372,1.894977590677855,1.846186377815468,1.9146844791141766,0.0,1.0,clear_AMD,descriptive_native_best_post_selection_independent_sessions
edp_j_s,edp_opt,True,64000000,INTEL,Intel CPU,3090,RTX 3090,0.0600688546593402,0.0002916535732239,205.95960473018394,201.99347844381924,208.1014891370358,0.0,1.0,clear_3090,descriptive_native_best_post_selection_independent_sessions
edp_j_s,edp_opt,True,64000000,INTEL,Intel CPU,5060ti,RTX 5060 Ti,0.0600688546593402,0.0003805283131422,157.85646582595552,154.8166528519253,159.49809988869467,0.0,1.0,clear_5060ti,descriptive_native_best_post_selection_independent_sessions
edp_j_s,edp_opt,True,64000000,AMD,AMD CPU,3090,RTX 3090,0.0316989788981372,0.0002916535732239,108.68709252467194,107.63958787182592,111.44017343434447,0.0,1.0,clear_3090,descriptive_native_best_post_selection_independent_sessions
edp_j_s,edp_opt,True,64000000,AMD,AMD CPU,5060ti,RTX 5060 Ti,0.0316989788981372,0.0003805283131422,83.30255017395139,82.36901122652397,85.41263201792826,0.0,1.0,clear_5060ti,descriptive_native_best_post_selection_independent_sessions
edp_j_s,edp_opt,True,64000000,3090,RTX 3090,5060ti,RTX 5060 Ti,0.0002916535732239,0.0003805283131422,0.7664438181106163,0.7604693923738163,0.7713264664052556,1.0,-1.0,clear_3090,descriptive_native_best_post_selection_independent_sessions
edp_j_s,edp_opt,True,128000000,INTEL,Intel CPU,AMD,AMD CPU,0.245704735751233,0.1259528723605483,1.9507672286177578,1.8065489085919695,1.9733116172700604,0.0,1.0,clear_AMD,descriptive_native_best_post_selection_independent_sessions
edp_j_s,edp_opt,True,128000000,INTEL,Intel CPU,3090,RTX 3090,0.245704735751233,0.001158873725075,212.0202835173707,196.3458305884416,212.99179199197235,0.0,1.0,clear_3090,descriptive_native_best_post_selection_independent_sessions
edp_j_s,edp_opt,True,128000000,INTEL,Intel CPU,5060ti,RTX 5060 Ti,0.245704735751233,0.0015242648167552,161.19556985792036,149.27853847689747,162.17066520629058,0.0,1.0,clear_5060ti,descriptive_native_best_post_selection_independent_sessions
edp_j_s,edp_opt,True,128000000,AMD,AMD CPU,3090,RTX 3090,0.1259528723605483,0.001158873725075,108.68558811478523,107.44389363636648,110.74651009682282,0.0,1.0,clear_3090,descriptive_native_best_post_selection_independent_sessions
edp_j_s,edp_opt,True,128000000,AMD,AMD CPU,5060ti,RTX 5060 Ti,0.1259528723605483,0.0015242648167552,82.63188323710853,81.473547478902,84.363202188969,0.0,1.0,clear_5060ti,descriptive_native_best_post_selection_independent_sessions
edp_j_s,edp_opt,True,128000000,3090,RTX 3090,5060ti,RTX 5060 Ti,0.001158873725075,0.0015242648167552,0.7602837199522644,0.7513962837867735,0.7648827862877753,1.0,-1.0,clear_3090,descriptive_native_best_post_selection_independent_sessions
edp_j_s,edp_opt,True,256000000,INTEL,Intel CPU,AMD,AMD CPU,1.0275266766398574,0.5002835737877106,2.0538884953993635,1.834700379043677,2.1295900565739756,0.0,1.0,clear_AMD,descriptive_native_best_post_selection_independent_sessions
edp_j_s,edp_opt,True,256000000,INTEL,Intel CPU,3090,RTX 3090,1.0275266766398574,0.0046261653104692,222.11196697068365,198.40848756106055,230.2984983685214,0.0,1.0,clear_3090,descriptive_native_best_post_selection_independent_sessions
edp_j_s,edp_opt,True,256000000,INTEL,Intel CPU,5060ti,RTX 5060 Ti,1.0275266766398574,0.006097809343609,168.50751126169416,150.52462462107658,174.71830688216352,0.0,1.0,clear_5060ti,descriptive_native_best_post_selection_independent_sessions
edp_j_s,edp_opt,True,256000000,AMD,AMD CPU,3090,RTX 3090,0.5002835737877106,0.0046261653104692,108.14217396329279,107.12635334984785,109.77268115763641,0.0,1.0,clear_3090,descriptive_native_best_post_selection_independent_sessions
edp_j_s,edp_opt,True,256000000,AMD,AMD CPU,5060ti,RTX 5060 Ti,0.5002835737877106,0.006097809343609,82.04316429014766,81.27250161134418,83.1534370176599,0.0,1.0,clear_5060ti,descriptive_native_best_post_selection_independent_sessions
edp_j_s,edp_opt,True,256000000,3090,RTX 3090,5060ti,RTX 5060 Ti,0.0046261653104692,0.006097809343609,0.7586602089023654,0.7538174078060321,0.7607584221588376,1.0,-1.0,clear_3090,descriptive_native_best_post_selection_independent_sessions
logical_bandwidth_gb_s,bandwidth_opt,False,1000000,INTEL,Intel CPU,AMD,AMD CPU,229.60945321452735,547.6823524211089,0.41923836362355954,0.38340058002799826,0.4297680576654537,0.0,-1.0,clear_AMD,descriptive_native_best_post_selection_independent_sessions
logical_bandwidth_gb_s,bandwidth_opt,False,1000000,INTEL,Intel CPU,3090,RTX 3090,229.60945321452735,779.769090042277,0.2944582648205234,0.2692870675060576,0.30185395115482844,0.0,-1.0,clear_3090,descriptive_native_best_post_selection_independent_sessions
logical_bandwidth_gb_s,bandwidth_opt,False,1000000,INTEL,Intel CPU,5060ti,RTX 5060 Ti,229.60945321452735,1465.5409479676762,0.1566721513533524,0.14327933441951363,0.1606071677110573,0.0,-1.0,clear_5060ti,descriptive_native_best_post_selection_independent_sessions
logical_bandwidth_gb_s,bandwidth_opt,False,1000000,AMD,AMD CPU,3090,RTX 3090,547.6823524211089,779.769090042277,0.7023647890318595,0.6992027901743121,0.7222630112338214,0.0,-1.0,clear_3090,descriptive_native_best_post_selection_independent_sessions
logical_bandwidth_gb_s,bandwidth_opt,False,1000000,AMD,AMD CPU,5060ti,RTX 5060 Ti,547.6823524211089,1465.5409479676762,0.3737066188294512,0.37232273090300017,0.38429384850829407,0.0,-1.0,clear_5060ti,descriptive_native_best_post_selection_independent_sessions
logical_bandwidth_gb_s,bandwidth_opt,False,1000000,3090,RTX 3090,5060ti,RTX 5060 Ti,779.769090042277,1465.5409479676762,0.5320691251401837,0.528850333279538,0.5332894674712971,0.0,-1.0,clear_5060ti,descriptive_native_best_post_selection_independent_sessions
logical_bandwidth_gb_s,bandwidth_opt,False,2000000,INTEL,Intel CPU,AMD,AMD CPU,98.99471596832774,795.8421724600073,0.12438988457011232,0.10745882881001048,0.12575582959260528,0.0,-1.0,clear_AMD,descriptive_native_best_post_selection_independent_sessions
logical_bandwidth_gb_s,bandwidth_opt,False,2000000,INTEL,Intel CPU,3090,RTX 3090,98.99471596832774,761.3146769931525,0.1300312721663425,0.11233235133195253,0.13145916615947445,0.0,-1.0,clear_3090,descriptive_native_best_post_selection_independent_sessions
logical_bandwidth_gb_s,bandwidth_opt,False,2000000,INTEL,Intel CPU,5060ti,RTX 5060 Ti,98.99471596832774,1674.8983147879171,0.05910491108283363,0.05105997600874995,0.05975395147207026,0.0,-1.0,clear_5060ti,descriptive_native_best_post_selection_independent_sessions
logical_bandwidth_gb_s,bandwidth_opt,False,2000000,AMD,AMD CPU,3090,RTX 3090,795.8421724600073,761.3146769931525,1.045352462667898,1.037162940022964,1.1000247165119732,1.0,1.0,clear_AMD,descriptive_native_best_post_selection_independent_sessions
logical_bandwidth_gb_s,bandwidth_opt,False,2000000,AMD,AMD CPU,5060ti,RTX 5060 Ti,795.8421724600073,1674.8983147879171,0.4751585009271326,0.47297560273182854,0.5000094360008002,0.0,-1.0,clear_5060ti,descriptive_native_best_post_selection_independent_sessions
logical_bandwidth_gb_s,bandwidth_opt,False,2000000,3090,RTX 3090,5060ti,RTX 5060 Ti,761.3146769931525,1674.8983147879171,0.454543819330043,0.45271969707229276,0.4581329341719556,0.0,-1.0,clear_5060ti,descriptive_native_best_post_selection_independent_sessions
logical_bandwidth_gb_s,bandwidth_opt,False,4000000,INTEL,Intel CPU,AMD,AMD CPU,36.58485420600106,1109.2280023155072,0.032982267062885526,0.01705819728953358,0.035140935983824464,0.0,-1.0,clear_AMD,descriptive_native_best_post_selection_independent_sessions
logical_bandwidth_gb_s,bandwidth_opt,False,4000000,INTEL,Intel CPU,3090,RTX 3090,36.58485420600106,804.4172554540746,0.045479947077154345,0.044633102480648744,0.04845658140293352,0.0,-1.0,clear_3090,descriptive_native_best_post_selection_independent_sessions
logical_bandwidth_gb_s,bandwidth_opt,False,4000000,INTEL,Intel CPU,5060ti,RTX 5060 Ti,36.58485420600106,502.1693181664981,0.07285362303610726,0.07149707578904647,0.07762184747398455,0.0,-1.0,clear_5060ti,descriptive_native_best_post_selection_independent_sessions
logical_bandwidth_gb_s,bandwidth_opt,False,4000000,AMD,AMD CPU,3090,RTX 3090,1109.2280023155072,804.4172554540746,1.3789211939385537,1.3675254989575663,2.666163739650235,1.0,1.0,clear_AMD,descriptive_native_best_post_selection_independent_sessions
logical_bandwidth_gb_s,bandwidth_opt,False,4000000,AMD,AMD CPU,5060ti,RTX 5060 Ti,1109.2280023155072,502.1693181664981,2.208872510103722,2.1906179227584266,4.2708864131151865,1.0,1.0,clear_AMD,descriptive_native_best_post_selection_independent_sessions
logical_bandwidth_gb_s,bandwidth_opt,False,4000000,3090,RTX 3090,5060ti,RTX 5060 Ti,804.4172554540746,502.1693181664981,1.60188451654341,1.578444272122555,1.6051109809681499,1.0,1.0,clear_3090,descriptive_native_best_post_selection_independent_sessions
logical_bandwidth_gb_s,bandwidth_opt,False,8000000,INTEL,Intel CPU,AMD,AMD CPU,30.72043143427281,1144.4418483968311,0.026843156318782754,0.02500963944725696,0.031319049456393085,0.0,-1.0,clear_AMD,descriptive_native_best_post_selection_independent_sessions
logical_bandwidth_gb_s,bandwidth_opt,False,8000000,INTEL,Intel CPU,3090,RTX 3090,30.72043143427281,824.5809151117892,0.037255811856994066,0.036923018861224274,0.03758386705276967,0.0,-1.0,clear_3090,descriptive_native_best_post_selection_independent_sessions
logical_bandwidth_gb_s,bandwidth_opt,False,8000000,INTEL,Intel CPU,5060ti,RTX 5060 Ti,30.72043143427281,395.2959810255522,0.07771501079917892,0.07702081008334388,0.07839932854214716,0.0,-1.0,clear_5060ti,descriptive_native_best_post_selection_independent_sessions
logical_bandwidth_gb_s,bandwidth_opt,False,8000000,AMD,AMD CPU,3090,RTX 3090,1144.4418483968311,824.5809151117892,1.3879072719524173,1.1895575537459078,1.4896580950542353,1.0,1.0,clear_AMD,descriptive_native_best_post_selection_independent_sessions
logical_bandwidth_gb_s,bandwidth_opt,False,8000000,AMD,AMD CPU,5060ti,RTX 5060 Ti,1144.4418483968311,395.2959810255522,2.8951517428224336,2.481397492838504,3.10740228634934,1.0,1.0,clear_AMD,descriptive_native_best_post_selection_independent_sessions
logical_bandwidth_gb_s,bandwidth_opt,False,8000000,3090,RTX 3090,5060ti,RTX 5060 Ti,824.5809151117892,395.2959810255522,2.0859835533174516,2.0843014648593003,2.09407612949376,1.0,1.0,clear_3090,descriptive_native_best_post_selection_independent_sessions
logical_bandwidth_gb_s,bandwidth_opt,False,16000000,INTEL,Intel CPU,AMD,AMD CPU,28.501986859875014,54.11028928977397,0.5267387632551701,0.5207369277637335,0.5510898195642707,0.0,-1.0,clear_AMD,descriptive_native_best_post_selection_independent_sessions
logical_bandwidth_gb_s,bandwidth_opt,False,16000000,INTEL,Intel CPU,3090,RTX 3090,28.501986859875014,836.1144317635909,0.03408861966388576,0.033700202669304936,0.03426152830181983,0.0,-1.0,clear_3090,descriptive_native_best_post_selection_independent_sessions
logical_bandwidth_gb_s,bandwidth_opt,False,16000000,INTEL,Intel CPU,5060ti,RTX 5060 Ti,28.501986859875014,395.9958130593439,0.07197547529524942,0.07115536295062067,0.0723405584673071,0.0,-1.0,clear_5060ti,descriptive_native_best_post_selection_independent_sessions
logical_bandwidth_gb_s,bandwidth_opt,False,16000000,AMD,AMD CPU,3090,RTX 3090,54.11028928977397,836.1144317635909,0.06471636804024632,0.06185673996089885,0.06538729448298643,0.0,-1.0,clear_3090,descriptive_native_best_post_selection_independent_sessions
logical_bandwidth_gb_s,bandwidth_opt,False,16000000,AMD,AMD CPU,5060ti,RTX 5060 Ti,54.11028928977397,395.9958130593439,0.13664358941508556,0.13060570661994472,0.13806019853802784,0.0,-1.0,clear_5060ti,descriptive_native_best_post_selection_independent_sessions
logical_bandwidth_gb_s,bandwidth_opt,False,16000000,3090,RTX 3090,5060ti,RTX 5060 Ti,836.1144317635909,395.9958130593439,2.111422404454289,2.10960509229277,2.114397566868211,1.0,1.0,clear_3090,descriptive_native_best_post_selection_independent_sessions
logical_bandwidth_gb_s,bandwidth_opt,False,32000000,INTEL,Intel CPU,AMD,AMD CPU,27.77359447698617,40.57812665112837,0.6844474294185746,0.6807107320218622,0.6902355775193962,0.0,-1.0,clear_AMD,descriptive_native_best_post_selection_independent_sessions
logical_bandwidth_gb_s,bandwidth_opt,False,32000000,INTEL,Intel CPU,3090,RTX 3090,27.77359447698617,842.5526682884284,0.03296363007597588,0.032783667225073324,0.03315851318374716,0.0,-1.0,clear_3090,descriptive_native_best_post_selection_independent_sessions
logical_bandwidth_gb_s,bandwidth_opt,False,32000000,INTEL,Intel CPU,5060ti,RTX 5060 Ti,27.77359447698617,395.68498835896287,0.07019117554136307,0.06980797126351167,0.07060615029978902,0.0,-1.0,clear_5060ti,descriptive_native_best_post_selection_independent_sessions
logical_bandwidth_gb_s,bandwidth_opt,False,32000000,AMD,AMD CPU,3090,RTX 3090,40.57812665112837,842.5526682884284,0.04816093780055229,0.04788703557861229,0.048184619357705225,0.0,-1.0,clear_3090,descriptive_native_best_post_selection_independent_sessions
logical_bandwidth_gb_s,bandwidth_opt,False,32000000,AMD,AMD CPU,5060ti,RTX 5060 Ti,40.57812665112837,395.68498835896287,0.10255159494278351,0.1019683606661869,0.10264808176685905,0.0,-1.0,clear_5060ti,descriptive_native_best_post_selection_independent_sessions
logical_bandwidth_gb_s,bandwidth_opt,False,32000000,3090,RTX 3090,5060ti,RTX 5060 Ti,842.5526682884284,395.68498835896287,2.129352118670901,2.1266382027056596,2.131497908326098,1.0,1.0,clear_3090,descriptive_native_best_post_selection_independent_sessions
logical_bandwidth_gb_s,bandwidth_opt,False,64000000,INTEL,Intel CPU,AMD,AMD CPU,27.338663027840024,40.984388240904046,0.6670506551700814,0.664841289478844,0.669411607659333,0.0,-1.0,clear_AMD,descriptive_native_best_post_selection_independent_sessions
logical_bandwidth_gb_s,bandwidth_opt,False,64000000,INTEL,Intel CPU,3090,RTX 3090,27.338663027840024,844.7886824404727,0.032361540342683764,0.0322842546497917,0.03243305685017744,0.0,-1.0,clear_3090,descriptive_native_best_post_selection_independent_sessions
logical_bandwidth_gb_s,bandwidth_opt,False,64000000,INTEL,Intel CPU,5060ti,RTX 5060 Ti,27.338663027840024,395.7719134249096,0.06907681444915628,0.06891184549493012,0.06922946887987495,0.0,-1.0,clear_5060ti,descriptive_native_best_post_selection_independent_sessions
logical_bandwidth_gb_s,bandwidth_opt,False,64000000,AMD,AMD CPU,3090,RTX 3090,40.984388240904046,844.7886824404727,0.048514367075214664,0.04834326141406368,0.048623733505568076,0.0,-1.0,clear_3090,descriptive_native_best_post_selection_independent_sessions
logical_bandwidth_gb_s,bandwidth_opt,False,64000000,AMD,AMD CPU,5060ti,RTX 5060 Ti,40.984388240904046,395.7719134249096,0.10355557544807958,0.10319034456347495,0.10378902183340273,0.0,-1.0,clear_5060ti,descriptive_native_best_post_selection_independent_sessions
logical_bandwidth_gb_s,bandwidth_opt,False,64000000,3090,RTX 3090,5060ti,RTX 5060 Ti,844.7886824404727,395.7719134249096,2.1345341945311027,2.132480793411158,2.1362864692490784,1.0,1.0,clear_3090,descriptive_native_best_post_selection_independent_sessions
logical_bandwidth_gb_s,bandwidth_opt,False,128000000,INTEL,Intel CPU,AMD,AMD CPU,27.108300838604237,41.43721345930096,0.6542018291174337,0.6515796259847488,0.6574377387263622,0.0,-1.0,clear_AMD,descriptive_native_best_post_selection_independent_sessions
logical_bandwidth_gb_s,bandwidth_opt,False,128000000,INTEL,Intel CPU,3090,RTX 3090,27.108300838604237,848.4678975695374,0.03194970713241692,0.03182164478467935,0.031973457644847506,0.0,-1.0,clear_3090,descriptive_native_best_post_selection_independent_sessions
logical_bandwidth_gb_s,bandwidth_opt,False,128000000,INTEL,Intel CPU,5060ti,RTX 5060 Ti,27.108300838604237,395.64705177612313,0.06851637265312789,0.0682417420437124,0.06856309383140242,0.0,-1.0,clear_5060ti,descriptive_native_best_post_selection_independent_sessions
logical_bandwidth_gb_s,bandwidth_opt,False,128000000,AMD,AMD CPU,3090,RTX 3090,41.43721345930096,848.4678975695374,0.048837691535530275,0.04859731233913084,0.04888333556736997,0.0,-1.0,clear_3090,descriptive_native_best_post_selection_independent_sessions
logical_bandwidth_gb_s,bandwidth_opt,False,128000000,AMD,AMD CPU,5060ti,RTX 5060 Ti,41.43721345930096,395.64705177612313,0.10473277451021727,0.10421727962538772,0.10483065845894828,0.0,-1.0,clear_5060ti,descriptive_native_best_post_selection_independent_sessions
logical_bandwidth_gb_s,bandwidth_opt,False,128000000,3090,RTX 3090,5060ti,RTX 5060 Ti,848.4678975695374,395.64705177612313,2.1445070644672537,2.1431605084913925,2.145167044658937,1.0,1.0,clear_3090,descriptive_native_best_post_selection_independent_sessions
logical_bandwidth_gb_s,bandwidth_opt,False,256000000,INTEL,Intel CPU,AMD,AMD CPU,26.48903834960874,41.84532757337386,0.6330226069603931,0.6306459459909057,0.6337284195399242,0.0,-1.0,clear_AMD,descriptive_native_best_post_selection_independent_sessions
logical_bandwidth_gb_s,bandwidth_opt,False,256000000,INTEL,Intel CPU,3090,RTX 3090,26.48903834960874,848.8761377284964,0.031204833275783477,0.031087675833868362,0.03126101143779868,0.0,-1.0,clear_3090,descriptive_native_best_post_selection_independent_sessions
logical_bandwidth_gb_s,bandwidth_opt,False,256000000,INTEL,Intel CPU,5060ti,RTX 5060 Ti,26.48903834960874,395.7719134248943,0.06693006110610618,0.06667877456093822,0.06703774501473107,0.0,-1.0,clear_5060ti,descriptive_native_best_post_selection_independent_sessions
logical_bandwidth_gb_s,bandwidth_opt,False,256000000,AMD,AMD CPU,3090,RTX 3090,41.84532757337386,848.8761377284964,0.0492949745122387,0.04926178295496133,0.04937045565766756,0.0,-1.0,clear_3090,descriptive_native_best_post_selection_independent_sessions
logical_bandwidth_gb_s,bandwidth_opt,False,256000000,AMD,AMD CPU,5060ti,RTX 5060 Ti,41.84532757337386,395.7719134248943,0.10573091761680772,0.10565972630688635,0.10590102830075622,0.0,-1.0,clear_5060ti,descriptive_native_best_post_selection_independent_sessions
logical_bandwidth_gb_s,bandwidth_opt,False,256000000,3090,RTX 3090,5060ti,RTX 5060 Ti,848.8761377284964,395.7719134248943,2.144861999889206,2.1415827787764603,2.148312872632963,1.0,1.0,clear_3090,descriptive_native_best_post_selection_independent_sessions
logical_gb_per_j,bytes_per_j_opt,False,1000000,INTEL,Intel CPU,AMD,AMD CPU,1.5445537211431308,3.141908843836272,0.4915972416491976,0.45286890972276767,0.5335464781691495,0.0,-1.0,clear_AMD,descriptive_native_best_post_selection_independent_sessions
logical_gb_per_j,bytes_per_j_opt,False,1000000,INTEL,Intel CPU,3090,RTX 3090,1.5445537211431308,2.2442748751150416,0.6882194949778409,0.6340011414526562,0.7469470058882235,0.0,-1.0,clear_3090,descriptive_native_best_post_selection_independent_sessions
logical_gb_per_j,bytes_per_j_opt,False,1000000,INTEL,Intel CPU,5060ti,RTX 5060 Ti,1.5445537211431308,10.28336870910659,0.15019919686195132,0.13836641209766287,0.16301607437967547,0.0,-1.0,clear_5060ti,descriptive_native_best_post_selection_independent_sessions
logical_gb_per_j,bytes_per_j_opt,False,1000000,AMD,AMD CPU,3090,RTX 3090,3.141908843836272,2.2442748751150416,1.3999661443766853,1.3889441619110652,1.4088182740533173,1.0,1.0,clear_AMD,descriptive_native_best_post_selection_independent_sessions
logical_gb_per_j,bytes_per_j_opt,False,1000000,AMD,AMD CPU,5060ti,RTX 5060 Ti,3.141908843836272,10.28336870910659,0.3055330342336075,0.30167628731771334,0.30914461771957663,0.0,-1.0,clear_5060ti,descriptive_native_best_post_selection_independent_sessions
logical_gb_per_j,bytes_per_j_opt,False,1000000,3090,RTX 3090,5060ti,RTX 5060 Ti,2.2442748751150416,10.28336870910659,0.2182431592798565,0.2154882734339482,0.2213596662010955,0.0,-1.0,clear_5060ti,descriptive_native_best_post_selection_independent_sessions
logical_gb_per_j,bytes_per_j_opt,False,2000000,INTEL,Intel CPU,AMD,AMD CPU,0.7494980504095626,3.5977405952242694,0.208324650032986,0.19597503916152892,0.2115705706549189,0.0,-1.0,clear_AMD,descriptive_native_best_post_selection_independent_sessions
logical_gb_per_j,bytes_per_j_opt,False,2000000,INTEL,Intel CPU,3090,RTX 3090,0.7494980504095626,2.190402345396464,0.34217368876762366,0.3231339533827111,0.34836274187966243,0.0,-1.0,clear_3090,descriptive_native_best_post_selection_independent_sessions
logical_gb_per_j,bytes_per_j_opt,False,2000000,INTEL,Intel CPU,5060ti,RTX 5060 Ti,0.7494980504095626,11.17122981598467,0.06709181198090851,0.06335858996956234,0.06837831905293415,0.0,-1.0,clear_5060ti,descriptive_native_best_post_selection_independent_sessions
logical_gb_per_j,bytes_per_j_opt,False,2000000,AMD,AMD CPU,3090,RTX 3090,3.5977405952242694,2.190402345396464,1.642502165314782,1.6329218086090658,1.7325450929949238,1.0,1.0,clear_AMD,descriptive_native_best_post_selection_independent_sessions
logical_gb_per_j,bytes_per_j_opt,False,2000000,AMD,AMD CPU,5060ti,RTX 5060 Ti,3.5977405952242694,11.17122981598467,0.3220541206731188,0.31931826281161463,0.33970931560024614,0.0,-1.0,clear_5060ti,descriptive_native_best_post_selection_independent_sessions
logical_gb_per_j,bytes_per_j_opt,False,2000000,3090,RTX 3090,5060ti,RTX 5060 Ti,2.190402345396464,11.17122981598467,0.19607530965500905,0.19368455630231224,0.19817556074920747,0.0,-1.0,clear_5060ti,descriptive_native_best_post_selection_independent_sessions
logical_gb_per_j,bytes_per_j_opt,False,4000000,INTEL,Intel CPU,AMD,AMD CPU,0.4729033293582722,4.048783917850408,0.11680132576928119,0.11406861600078665,0.12312816283068719,0.0,-1.0,clear_AMD,descriptive_native_best_post_selection_independent_sessions
logical_gb_per_j,bytes_per_j_opt,False,4000000,INTEL,Intel CPU,3090,RTX 3090,0.4729033293582722,2.274471224790949,0.20791792140687013,0.20305342752264857,0.21918031763588153,0.0,-1.0,clear_3090,descriptive_native_best_post_selection_independent_sessions
logical_gb_per_j,bytes_per_j_opt,False,4000000,INTEL,Intel CPU,5060ti,RTX 5060 Ti,0.4729033293582722,4.605106040071797,0.10269108360225714,0.10028850019450113,0.10825360397033994,0.0,-1.0,clear_5060ti,descriptive_native_best_post_selection_independent_sessions
logical_gb_per_j,bytes_per_j_opt,False,4000000,AMD,AMD CPU,3090,RTX 3090,4.048783917850408,2.274471224790949,1.7800989846431403,1.7684862510530535,1.7993675848048925,1.0,1.0,clear_AMD,descriptive_native_best_post_selection_independent_sessions
logical_gb_per_j,bytes_per_j_opt,False,4000000,AMD,AMD CPU,5060ti,RTX 5060 Ti,4.048783917850408,4.605106040071797,0.8791945033663731,0.8776228324080475,0.8869604931465709,0.0,-1.0,clear_5060ti,descriptive_native_best_post_selection_independent_sessions
logical_gb_per_j,bytes_per_j_opt,False,4000000,3090,RTX 3090,5060ti,RTX 5060 Ti,2.274471224790949,4.605106040071797,0.4939020307023133,0.48861306093924395,0.4982647037037558,0.0,-1.0,clear_5060ti,descriptive_native_best_post_selection_independent_sessions
logical_gb_per_j,bytes_per_j_opt,False,8000000,INTEL,Intel CPU,AMD,AMD CPU,0.4175225939794537,4.145794486894807,0.10070991104341437,0.09746551426801289,0.11563920764454536,0.0,-1.0,clear_AMD,descriptive_native_best_post_selection_independent_sessions
logical_gb_per_j,bytes_per_j_opt,False,8000000,INTEL,Intel CPU,3090,RTX 3090,0.4175225939794537,2.326170090358388,0.1794892797005772,0.17478139940409698,0.2032729867453793,0.0,-1.0,clear_3090,descriptive_native_best_post_selection_independent_sessions
logical_gb_per_j,bytes_per_j_opt,False,8000000,INTEL,Intel CPU,5060ti,RTX 5060 Ti,0.4175225939794537,3.892370418094997,0.10726692198626807,0.10445338443502451,0.12148061236585478,0.0,-1.0,clear_5060ti,descriptive_native_best_post_selection_independent_sessions
logical_gb_per_j,bytes_per_j_opt,False,8000000,AMD,AMD CPU,3090,RTX 3090,4.145794486894807,2.326170090358388,1.7822404750531688,1.5728061133736855,1.8415670511624602,1.0,1.0,clear_AMD,descriptive_native_best_post_selection_independent_sessions
logical_gb_per_j,bytes_per_j_opt,False,8000000,AMD,AMD CPU,5060ti,RTX 5060 Ti,4.145794486894807,3.892370418094997,1.0651079012474463,0.9399451095030389,1.1005628277023507,0.8,0.6,uncertain_AMD_advantage,descriptive_native_best_post_selection_independent_sessions
logical_gb_per_j,bytes_per_j_opt,False,8000000,3090,RTX 3090,5060ti,RTX 5060 Ti,2.326170090358388,3.892370418094997,0.5976230010238496,0.5918458649850125,0.6025048042216243,0.0,-1.0,clear_5060ti,descriptive_native_best_post_selection_independent_sessions
logical_gb_per_j,bytes_per_j_opt,False,16000000,INTEL,Intel CPU,AMD,AMD CPU,0.3990836944674821,0.4602508339092293,0.8671004266907845,0.7707981408663993,0.9720876223433794,0.0,-1.0,clear_AMD,descriptive_native_best_post_selection_independent_sessions
logical_gb_per_j,bytes_per_j_opt,False,16000000,INTEL,Intel CPU,3090,RTX 3090,0.3990836944674821,2.361727007225052,0.16897960401290907,0.166014702560072,0.1894393964449197,0.0,-1.0,clear_3090,descriptive_native_best_post_selection_independent_sessions
logical_gb_per_j,bytes_per_j_opt,False,16000000,INTEL,Intel CPU,5060ti,RTX 5060 Ti,0.3990836944674821,3.888249730048104,0.10263839058057231,0.10083750629559107,0.11506569018930922,0.0,-1.0,clear_5060ti,descriptive_native_best_post_selection_independent_sessions
logical_gb_per_j,bytes_per_j_opt,False,16000000,AMD,AMD CPU,3090,RTX 3090,0.4602508339092293,2.361727007225052,0.19487893075754265,0.1936196847574056,0.21922679240374288,0.0,-1.0,clear_3090,descriptive_native_best_post_selection_independent_sessions
logical_gb_per_j,bytes_per_j_opt,False,16000000,AMD,AMD CPU,5060ti,RTX 5060 Ti,0.4602508339092293,3.888249730048104,0.1183696690962119,0.11739303508349608,0.13315858606665007,0.0,-1.0,clear_5060ti,descriptive_native_best_post_selection_independent_sessions
logical_gb_per_j,bytes_per_j_opt,False,16000000,3090,RTX 3090,5060ti,RTX 5060 Ti,2.361727007225052,3.888249730048104,0.6074010599097588,0.6023895688834103,0.610785300565836,0.0,-1.0,clear_5060ti,descriptive_native_best_post_selection_independent_sessions
logical_gb_per_j,bytes_per_j_opt,False,32000000,INTEL,Intel CPU,AMD,AMD CPU,0.3920944774436526,0.4204596074710416,0.9325378002467393,0.8607414328845958,0.9988408818422455,0.08,-0.84,uncertain_AMD_advantage,descriptive_native_best_post_selection_independent_sessions
logical_gb_per_j,bytes_per_j_opt,False,32000000,INTEL,Intel CPU,3090,RTX 3090,0.3920944774436526,2.380815185153801,0.16468917028447266,0.16265225679947398,0.17639850742059565,0.0,-1.0,clear_3090,descriptive_native_best_post_selection_independent_sessions
logical_gb_per_j,bytes_per_j_opt,False,32000000,INTEL,Intel CPU,5060ti,RTX 5060 Ti,0.3920944774436526,3.924159895228743,0.09991806855790647,0.09855573279907633,0.10702220508803681,0.0,-1.0,clear_5060ti,descriptive_native_best_post_selection_independent_sessions
logical_gb_per_j,bytes_per_j_opt,False,32000000,AMD,AMD CPU,3090,RTX 3090,0.4204596074710416,2.380815185153801,0.17660321140965837,0.1705079076280204,0.19133408012270442,0.0,-1.0,clear_3090,descriptive_native_best_post_selection_independent_sessions
logical_gb_per_j,bytes_per_j_opt,False,32000000,AMD,AMD CPU,5060ti,RTX 5060 Ti,0.4204596074710416,3.924159895228743,0.10714640042630898,0.10344833709838663,0.11608372124373269,0.0,-1.0,clear_5060ti,descriptive_native_best_post_selection_independent_sessions
logical_gb_per_j,bytes_per_j_opt,False,32000000,3090,RTX 3090,5060ti,RTX 5060 Ti,2.380815185153801,3.924159895228743,0.6067069764533692,0.6019510750169863,0.6093117427208448,0.0,-1.0,clear_5060ti,descriptive_native_best_post_selection_independent_sessions
logical_gb_per_j,bytes_per_j_opt,False,64000000,INTEL,Intel CPU,AMD,AMD CPU,0.3887998977832527,0.4544076830311376,0.8556191109924758,0.8409925442713455,0.9703771593626943,0.0,-1.0,clear_AMD,descriptive_native_best_post_selection_independent_sessions
logical_gb_per_j,bytes_per_j_opt,False,64000000,INTEL,Intel CPU,3090,RTX 3090,0.3887998977832527,2.3938678878044293,0.16241493516162506,0.1597116302062237,0.18419848434357824,0.0,-1.0,clear_3090,descriptive_native_best_post_selection_independent_sessions
logical_gb_per_j,bytes_per_j_opt,False,64000000,INTEL,Intel CPU,5060ti,RTX 5060 Ti,0.3887998977832527,3.916431126835729,0.09927402913309563,0.0975641572410214,0.11258894191472757,0.0,-1.0,clear_5060ti,descriptive_native_best_post_selection_independent_sessions
logical_gb_per_j,bytes_per_j_opt,False,64000000,AMD,AMD CPU,3090,RTX 3090,0.4544076830311376,2.3938678878044293,0.18982153749842237,0.18562187146418427,0.19124706751208392,0.0,-1.0,clear_3090,descriptive_native_best_post_selection_independent_sessions
logical_gb_per_j,bytes_per_j_opt,False,64000000,AMD,AMD CPU,5060ti,RTX 5060 Ti,0.4544076830311376,3.916431126835729,0.11602596045095659,0.1134589688881589,0.11705307392176695,0.0,-1.0,clear_5060ti,descriptive_native_best_post_selection_independent_sessions
logical_gb_per_j,bytes_per_j_opt,False,64000000,3090,RTX 3090,5060ti,RTX 5060 Ti,2.3938678878044293,3.916431126835729,0.6112370702503708,0.6067322923760701,0.6163656480441623,0.0,-1.0,clear_5060ti,descriptive_native_best_post_selection_independent_sessions
logical_gb_per_j,bytes_per_j_opt,False,128000000,INTEL,Intel CPU,AMD,AMD CPU,0.3855784860258236,0.451625138533869,0.853757802937065,0.8408546066549623,0.875869552921526,0.0,-1.0,clear_AMD,descriptive_native_best_post_selection_independent_sessions
logical_gb_per_j,bytes_per_j_opt,False,128000000,INTEL,Intel CPU,3090,RTX 3090,0.3855784860258236,2.4009531360635648,0.1605939242354356,0.15999155845605764,0.1647531983170327,0.0,-1.0,clear_3090,descriptive_native_best_post_selection_independent_sessions
logical_gb_per_j,bytes_per_j_opt,False,128000000,INTEL,Intel CPU,5060ti,RTX 5060 Ti,0.3855784860258236,3.9123519742525295,0.09855414046674314,0.09797862550165645,0.10110662608554188,0.0,-1.0,clear_5060ti,descriptive_native_best_post_selection_independent_sessions
logical_gb_per_j,bytes_per_j_opt,False,128000000,AMD,AMD CPU,3090,RTX 3090,0.451625138533869,2.4009531360635648,0.1881024380485502,0.18515462782385275,0.19098893312162585,0.0,-1.0,clear_3090,descriptive_native_best_post_selection_independent_sessions
logical_gb_per_j,bytes_per_j_opt,False,128000000,AMD,AMD CPU,5060ti,RTX 5060 Ti,0.451625138533869,3.9123519742525295,0.11543571271348964,0.11355711209208286,0.11720711248619467,0.0,-1.0,clear_5060ti,descriptive_native_best_post_selection_independent_sessions
logical_gb_per_j,bytes_per_j_opt,False,128000000,3090,RTX 3090,5060ti,RTX 5060 Ti,2.4009531360635648,3.9123519742525295,0.6136853616096942,0.6101016957404739,0.620979924089054,0.0,-1.0,clear_5060ti,descriptive_native_best_post_selection_independent_sessions
logical_gb_per_j,bytes_per_j_opt,False,256000000,INTEL,Intel CPU,AMD,AMD CPU,0.3796448888279319,0.450726040390442,0.8422963281621448,0.8342564552003126,0.8661177920757723,0.0,-1.0,clear_AMD,descriptive_native_best_post_selection_independent_sessions
logical_gb_per_j,bytes_per_j_opt,False,256000000,INTEL,Intel CPU,3090,RTX 3090,0.3796448888279319,2.405638214565388,0.15781462338322558,0.15701097018639978,0.162116424205204,0.0,-1.0,clear_3090,descriptive_native_best_post_selection_independent_sessions
logical_gb_per_j,bytes_per_j_opt,False,256000000,INTEL,Intel CPU,5060ti,RTX 5060 Ti,0.3796448888279319,3.910248061097626,0.09708971985817282,0.09655547011006786,0.09973624669920786,0.0,-1.0,clear_5060ti,descriptive_native_best_post_selection_independent_sessions
logical_gb_per_j,bytes_per_j_opt,False,256000000,AMD,AMD CPU,3090,RTX 3090,0.450726040390442,2.405638214565388,0.18736235468053203,0.18497185777636893,0.189167997921374,0.0,-1.0,clear_3090,descriptive_native_best_post_selection_independent_sessions
logical_gb_per_j,bytes_per_j_opt,False,256000000,AMD,AMD CPU,5060ti,RTX 5060 Ti,0.450726040390442,3.910248061097626,0.115267889235631,0.11374344188542197,0.11637874571178558,0.0,-1.0,clear_5060ti,descriptive_native_best_post_selection_independent_sessions
logical_gb_per_j,bytes_per_j_opt,False,256000000,3090,RTX 3090,5060ti,RTX 5060 Ti,2.405638214565388,3.910248061097626,0.6152137094571216,0.6132519726016487,0.6186161849781161,0.0,-1.0,clear_5060ti,descriptive_native_best_post_selection_independent_sessions
