workload,size,platform,runtime,runtime_cfg,energy,energy_cfg,edp,edp_cfg
AXPY,1000000,3090,1.2711648954017435e-05,gpu_resident,0.0044095600010167,gpu_resident,5.6056697439533585e-08,gpu_resident
AXPY,1000000,5060ti,8.188072942765906e-06,gpu_resident,0.0011103864734299,gpu_resident,9.091926211190982e-09,gpu_resident
AXPY,1000000,AMD,1.8497303852638376e-05,10T,0.00289220307109,8T,5.3577749305537113e-08,10T
AXPY,1000000,INTEL,1.516122525359576e-05,10T,0.0022499783469657,10T,3.3390458525892095e-08,10T
AXPY,2000000,3090,3.123123084129661e-05,gpu_resident,0.0109950160922413,gpu_resident,3.427668006127483e-07,gpu_resident
AXPY,2000000,5060ti,1.4329123006490994e-05,gpu_resident,0.0020289443895169,gpu_resident,2.9073135979716402e-08,gpu_resident
AXPY,2000000,AMD,2.5097321509134627e-05,16T,0.0050801733377714,10T,1.2825581245360093e-07,16T
AXPY,2000000,INTEL,0.0001029644156737,10T,0.0130342620367518,16T,1.3643205101280937e-06,16T
AXPY,4000000,3090,5.962062718330849e-05,gpu_resident,0.0211080936215829,gpu_resident,1.257311666523025e-06,gpu_resident
AXPY,4000000,5060ti,2.6613832286649455e-05,gpu_resident,0.004748283570174,gpu_resident,1.264051485184373e-07,gpu_resident
AXPY,4000000,AMD,3.550726481947348e-05,20T,0.0088469802622328,16T,3.201509051797223e-07,20T
AXPY,4000000,INTEL,0.0006869737827608,16T,0.0591315577319587,2T,4.734541952845671e-05,16T
AXPY,8000000,3090,0.0001163913953095,gpu_resident,0.0411490524357632,gpu_resident,4.785243675121812e-06,gpu_resident
AXPY,8000000,5060ti,0.0002430642955982,gpu_resident,0.0230670511896178,gpu_resident,5.602463981214763e-06,gpu_resident
AXPY,8000000,AMD,5.1988345087510966e-05,32T,0.0139876325374961,32T,7.267372843729148e-07,32T
AXPY,8000000,INTEL,0.002164647325431,8T,0.1427214961832061,2T,0.00032211239561,4T
AXPY,16000000,3090,0.000230460056682,gpu_resident,0.0813677486187845,gpu_resident,1.873562875438196e-05,gpu_resident
AXPY,16000000,5060ti,0.0004852657011633,gpu_resident,0.0463498062015503,gpu_resident,2.2493325606295025e-05,gpu_resident
AXPY,16000000,AMD,0.0007951313779761,32T,0.1163629485614646,8T,0.0001064103801166,32T
AXPY,16000000,INTEL,0.0049253517647058,8T,0.3140905932203389,2T,0.0016977910059351,4T
AXPY,32000000,3090,0.0004571387360603,gpu_resident,0.1609741773308958,gpu_resident,7.359209818081781e-05,gpu_resident
AXPY,32000000,5060ti,0.000969943542677,gpu_resident,0.0926299709020368,gpu_resident,8.992119720596287e-05,gpu_resident
AXPY,32000000,AMD,0.0067739629620253,10T,0.694864051724138,2T,0.0051520169195709,8T
AXPY,32000000,INTEL,0.0104065394639175,4T,0.6578650294117647,2T,0.0073637972842638,4T
AXPY,64000000,3090,0.0009122411909753,gpu_resident,0.3225813636363637,gpu_resident,0.00029419141419,gpu_resident
AXPY,64000000,5060ti,0.0019394992199612,gpu_resident,0.1831434108527131,gpu_resident,0.0003552845871292,gpu_resident
AXPY,64000000,AMD,0.0143190379214285,4T,1.3367994785714286,4T,0.0191564232670707,4T
AXPY,64000000,INTEL,0.0211948979895833,4T,1.3435845357142857,2T,0.0304683608095089,4T
AXPY,128000000,3090,0.0018178801125226,gpu_resident,0.6394210526315789,gpu_resident,0.0011621475679723,gpu_resident
AXPY,128000000,5060ti,0.0038810802934362,gpu_resident,0.368027027027027,gpu_resident,0.0014276702824456,gpu_resident
AXPY,128000000,AMD,0.028491369,4T,2.509045638888889,4T,0.0714058219336824,4T
AXPY,128000000,INTEL,0.0429622874166666,4T,2.710945071428571,2T,0.1257187484753914,4T
AXPY,256000000,3090,0.003627064298913,gpu_resident,1.2767771739130436,gpu_resident,0.0046313360925629,gpu_resident
AXPY,256000000,5060ti,0.0077655605271317,gpu_resident,0.7406666666666666,gpu_resident,0.0057521846931215,gpu_resident
AXPY,256000000,AMD,0.0566309795,4T,5.031608638888889,4T,0.2847972322395216,4T
AXPY,256000000,INTEL,0.0867070756249999,8T,5.514698136363636,2T,0.5112432328423568,4T
CONV2D,1,3090,0.0003114451813407,gpu_resident,0.1065770775409329,gpu_resident,3.318029078511065e-05,gpu_resident
CONV2D,1,5060ti,0.0007166533381088,gpu_resident,0.1198900429799427,gpu_resident,8.592193468997175e-05,gpu_resident
CONV2D,1,AMD,0.0021982584226579,32T,0.5786336383442265,32T,0.0012720885942809,32T
CONV2D,1,INTEL,0.0045348652400881,20T,0.7182687139639639,20T,0.0032550984654399,20T
CONV2D,2,3090,0.0002893070187211,gpu_resident,0.0979851670506912,gpu_resident,2.8346523125624988e-05,gpu_resident
CONV2D,2,5060ti,0.0005828563919627,gpu_resident,0.0924463869463869,gpu_resident,5.388019495007685e-05,gpu_resident
CONV2D,2,AMD,0.0011579776864988,32T,0.3022220253537735,64T,0.0003594420046951,64T
CONV2D,2,INTEL,0.0023610855511727,20T,0.3791731833688699,20T,0.0008969229826298,20T
CONV2D,3,3090,0.0002380348142352,gpu_resident,0.0784748464808691,gpu_resident,1.8652604101657136e-05,gpu_resident
CONV2D,3,5060ti,0.0004731176098644,gpu_resident,0.084270028275212,gpu_resident,3.983201198982845e-05,gpu_resident
CONV2D,3,AMD,0.0011554848568985,32T,0.2996115106257379,64T,0.0003545213331255,64T
CONV2D,3,INTEL,0.0022411155,20T,0.358497366972477,10T,0.0008168508949091,10T
CONV2D,4,3090,0.0003062447918572,gpu_resident,0.1001294602012808,gpu_resident,3.067337682275305e-05,gpu_resident
CONV2D,4,5060ti,0.0004846154214079,gpu_resident,0.0861506518590053,gpu_resident,4.162082554943685e-05,gpu_resident
CONV2D,4,AMD,0.0011607068039772,32T,0.2903272330960854,64T,0.0003476391931357,64T
CONV2D,4,INTEL,0.002491494742647,20T,0.410718193902439,10T,0.0010562356384894,10T
CONV2D,5,3090,0.0004733076907677,gpu_resident,0.1587692853762423,gpu_resident,7.516846282475107e-05,gpu_resident
CONV2D,5,5060ti,0.0010487651956087,gpu_resident,0.1862388282025819,gpu_resident,0.0001949508020594,gpu_resident
CONV2D,5,AMD,0.0028799458508522,64T,0.7427797698863636,64T,0.0021387264510902,64T
CONV2D,5,INTEL,0.0063174054813664,10T,1.0133582843137252,8T,0.0064295002829032,10T
CONV2D,6,3090,0.0007474163896627,gpu_resident,0.2526645894428152,gpu_resident,0.0001888588882384,gpu_resident
CONV2D,6,5060ti,0.0012177912001216,gpu_resident,0.2179719512195121,gpu_resident,0.0002658100575788,gpu_resident
CONV2D,6,AMD,0.0057522896522988,32T,1.4056095578034682,64T,0.0081720083071273,64T
CONV2D,6,INTEL,0.0096999421826923,20T,1.5926298834951456,10T,0.0156355400169085,20T
GEMM,64,3090,5.217029646225186e-06,gpu_resident,0.0008412728598968,gpu_resident,4.3884049941422e-09,gpu_resident
GEMM,64,5060ti,9.9198e-06,gpu_resident,0.0003328180970606,gpu_resident,3.305062765486325e-09,gpu_resident
GEMM,64,AMD,6.127075280692067e-06,8T,0.0004459453095281,8T,2.7324931305866e-09,8T
GEMM,64,INTEL,2.2546644398164424e-06,16T,0.0001226988152536,16T,2.7486604971657544e-10,16T
GEMM,128,3090,5.161102740856931e-06,gpu_resident,0.0009229959547593,gpu_resident,4.763598433803592e-09,gpu_resident
GEMM,128,5060ti,9.920571233570831e-06,gpu_resident,0.0004186242111759,gpu_resident,4.203116042249507e-09,gpu_resident
GEMM,128,AMD,1.4477002407821068e-05,4T,0.0016263004085608,4T,2.3492050405638932e-08,4T
GEMM,128,INTEL,1.2571068788372388e-05,10T,0.0012227639253655,4T,1.60855323067685e-08,4T
GEMM,256,3090,7.180509782803805e-06,gpu_resident,0.0019915961861547,gpu_resident,1.4299542522828053e-08,gpu_resident
GEMM,256,5060ti,1.637327853013903e-05,gpu_resident,0.0012479899127188,gpu_resident,2.0442138841265857e-08,gpu_resident
GEMM,256,AMD,7.063734392735529e-05,16T,0.0104991572671888,4T,8.528004993398196e-07,16T
GEMM,256,INTEL,3.945221954115439e-05,8T,0.0055113264120244,8T,2.1684149624597985e-07,8T
GEMM,512,3090,2.269167419792137e-05,gpu_resident,0.0072134093990058,gpu_resident,1.6351774961251068e-07,gpu_resident
GEMM,512,5060ti,6.959931792873051e-05,gpu_resident,0.0074871589643652,gpu_resident,5.211011571438021e-07,gpu_resident
GEMM,512,AMD,0.0003065232558139,16T,0.0648808432497734,16T,1.98758411106551e-05,16T
GEMM,512,INTEL,0.0002532285750188,16T,0.0378899667030567,8T,9.863923528014535e-06,16T
GEMM,1024,3090,0.0001209905795373,gpu_resident,0.0399124833676061,gpu_resident,4.834098283702735e-06,gpu_resident
GEMM,1024,5060ti,0.000448735017889,gpu_resident,0.0553448121645796,gpu_resident,2.4835180034446093e-05,gpu_resident
GEMM,1024,AMD,0.0017508977272727,64T,0.4488921007604562,16T,0.0008576660325907,16T
GEMM,1024,INTEL,0.0017181529605263,8T,0.2641295251677852,8T,0.0004620644390444,8T
GEMM,2048,3090,0.0007522031602708,gpu_resident,0.250474416854778,gpu_resident,0.0001885706667215,gpu_resident
GEMM,2048,5060ti,0.0035105244755244,gpu_resident,0.4714739583333333,gpu_resident,0.0016621508297526,gpu_resident
GEMM,2048,AMD,0.0084523949579831,64T,2.1149090714285714,64T,0.017877733615508,64T
GEMM,2048,INTEL,0.0140407697368421,8T,2.109212522058824,8T,0.0300952732327889,8T
GEMM,4096,3090,0.0055513555555555,gpu_resident,1.7184388888888886,gpu_resident,0.0095613850675,gpu_resident
GEMM,4096,5060ti,0.0281354166666666,gpu_resident,3.898097222222222,gpu_resident,0.1095370164857253,gpu_resident
GEMM,4096,AMD,0.0533719210526315,32T,14.10396963888889,64T,0.8068935694201573,64T
GEMM,4096,INTEL,0.10153,10T,16.9457696,8T,1.75826401362441,10T
GEMM,8192,3090,0.0417390208333333,gpu_resident,13.143166666666668,gpu_resident,0.5482763006675347,gpu_resident
GEMM,8192,5060ti,0.2244745,gpu_resident,31.1611,gpu_resident,6.9947694311,gpu_resident
GEMM,8192,AMD,0.4649546666666666,32T,116.891187,64T,57.321049020204,64T
GEMM,8192,INTEL,0.755188,10T,127.089915,8T,99.85258643626275,10T
GEMM,16384,3090,0.33249425,gpu_resident,103.623875,gpu_resident,34.50502702403125,gpu_resident
GEMM,16384,5060ti,1.79322,gpu_resident,298.9525,gpu_resident,536.0733924875001,gpu_resident
GEMM,16384,AMD,3.638703,32T,954.040491,64T,3650.454205423579,64T
GEMM,16384,INTEL,6.532229,10T,1081.9571905,8T,7227.848157785047,10T
REDUCTION,1000000,3090,5.658497548303753e-06,gpu_resident,0.0012116827679173,gpu_resident,6.8674084746508614e-09,gpu_resident
REDUCTION,1000000,5060ti,6.147174095315372e-06,gpu_resident,0.0004058325746143,gpu_resident,2.502561815929421e-09,gpu_resident
REDUCTION,1000000,AMD,2.814334881876381e-05,8T,0.0029015266273865,8T,8.16586759814696e-08,8T
REDUCTION,1000000,INTEL,1.1766524408740494e-05,20T,0.0015453026383549,20T,1.8139529036954358e-08,20T
REDUCTION,2000000,3090,1.382743051332375e-05,gpu_resident,0.0039716894787203,gpu_resident,5.4899818786934745e-08,gpu_resident
REDUCTION,2000000,5060ti,8.196056425240346e-06,gpu_resident,0.0007296760128185,gpu_resident,5.980464346876632e-09,gpu_resident
REDUCTION,2000000,AMD,3.795804026645826e-05,10T,0.0045370924150823,8T,1.7334616973972586e-07,10T
REDUCTION,2000000,INTEL,2.5915628231644263e-05,10T,0.0038754635983361,20T,1.0546724504999729e-07,20T
REDUCTION,4000000,3090,2.284362476016446e-05,gpu_resident,0.0072513939033864,gpu_resident,1.6571425615141264e-07,gpu_resident
REDUCTION,4000000,5060ti,1.228461746965751e-05,gpu_resident,0.0010193909390201,gpu_resident,1.2522827737896893e-08,gpu_resident
REDUCTION,4000000,AMD,1.6054006703229737e-05,64T,0.003917191179159,64T,6.288661344805098e-08,64T
REDUCTION,4000000,INTEL,0.000109699770316,10T,0.0153404463244541,16T,1.773224080014702e-06,16T
REDUCTION,8000000,3090,4.117687697628459e-05,gpu_resident,0.0138155489687538,gpu_resident,5.687821407749438e-07,gpu_resident
REDUCTION,8000000,5060ti,2.0508436181337272e-05,gpu_resident,0.0018198622132004,gpu_resident,3.7322528058247615e-08,gpu_resident
REDUCTION,8000000,AMD,6.938635129632144e-05,20T,0.0123170325229489,16T,8.660626429124188e-07,20T
REDUCTION,8000000,INTEL,0.0004301337907375,16T,0.0468074038668098,4T,2.242530439553162e-05,16T
REDUCTION,16000000,3090,7.689482427341227e-05,gpu_resident,0.0265895533861173,gpu_resident,2.044118833047e-06,gpu_resident
REDUCTION,16000000,5060ti,0.0001578432249814,gpu_resident,0.0134059067972692,gpu_resident,2.1161634512469065e-06,gpu_resident
REDUCTION,16000000,AMD,9.750555344598444e-05,32T,0.022058575147232,16T,2.1808245355421906e-06,32T
REDUCTION,16000000,INTEL,0.0012906685971685,8T,0.1151314966532797,4T,0.0001545590251892,4T
REDUCTION,32000000,3090,0.0001487715977242,gpu_resident,0.0519617843866171,gpu_resident,7.727762971647691e-06,gpu_resident
REDUCTION,32000000,5060ti,0.0003079890601908,gpu_resident,0.0257298337438423,gpu_resident,7.924159228116046e-06,gpu_resident
REDUCTION,32000000,AMD,0.0005241095461658,32T,0.0899027944705268,32T,4.7118912808985e-05,32T
REDUCTION,32000000,INTEL,0.0029181511627906,8T,0.2542132575301205,4T,0.0007651708024782,4T
REDUCTION,64000000,3090,0.0002925112850248,gpu_resident,0.1034283625730994,gpu_resident,3.0250734289870027e-05,gpu_resident
REDUCTION,64000000,5060ti,0.0006085138339416,gpu_resident,0.0510550486618004,gpu_resident,3.106664062597086e-05,gpu_resident
REDUCTION,64000000,AMD,0.0044621311111111,10T,0.4779265810810811,4T,0.0023010112070113,10T
REDUCTION,64000000,INTEL,0.0061814104938271,8T,0.514445896875,4T,0.0032227431056865,4T
REDUCTION,128000000,3090,0.0005799773257971,gpu_resident,0.2053828985507246,gpu_resident,0.0001191174242659,gpu_resident
REDUCTION,128000000,5060ti,0.0012090710458937,gpu_resident,0.1017971014492753,gpu_resident,0.0001230780165792,gpu_resident
REDUCTION,128000000,AMD,0.0091114272727272,16T,0.9306546354166668,4T,0.0093643146659794,8T
REDUCTION,128000000,INTEL,0.012714582278481,8T,1.0599021153846155,4T,0.0135882984199358,4T
REDUCTION,256000000,3090,0.0011548805571593,gpu_resident,0.4099105080831409,gpu_resident,0.0004734121106324,gpu_resident
REDUCTION,256000000,5060ti,0.0024108137458033,gpu_resident,0.2025132211538461,gpu_resident,0.0004882656682292,gpu_resident
REDUCTION,256000000,AMD,0.018131875,16T,1.8167373775510205,4T,0.0347513235179512,8T
REDUCTION,256000000,INTEL,0.0257376666666666,8T,2.126006320512821,4T,0.0549301704329155,4T
STREAM,1000000,3090,1.538917117033889e-05,gpu_resident,0.0053469386183744,gpu_resident,8.214436896471798e-08,gpu_resident
STREAM,1000000,5060ti,8.18810284123475e-06,gpu_resident,0.0011669327765495,gpu_resident,9.55494169609149e-09,gpu_resident
STREAM,1000000,AMD,2.1910510621626327e-05,16T,0.0038193342316539,10T,8.549286313311295e-08,16T
STREAM,1000000,INTEL,5.226265657620041e-05,10T,0.0077692344628316,10T,4.07646423210429e-07,10T
STREAM,2000000,3090,3.152441523233088e-05,gpu_resident,0.0109568911165752,gpu_resident,3.454095852143541e-07,gpu_resident
STREAM,2000000,5060ti,1.4329228101849862e-05,gpu_resident,0.0021483758185387,gpu_resident,3.0784259313594294e-08,gpu_resident
STREAM,2000000,AMD,3.01567331193498e-05,20T,0.0066708533772163,16T,2.0201543908535025e-07,16T
STREAM,2000000,INTEL,0.0002424371822803,10T,0.0320214308588064,10T,7.783918877574129e-06,10T
STREAM,4000000,3090,5.9670525059665874e-05,gpu_resident,0.0211038062283737,gpu_resident,1.2592659558261002e-06,gpu_resident
STREAM,4000000,5060ti,9.55852901870943e-05,gpu_resident,0.0104232127517419,gpu_resident,9.969733226127186e-07,gpu_resident
STREAM,4000000,AMD,4.327333956571623e-05,32T,0.0118554116430803,16T,5.143846433255903e-07,32T
STREAM,4000000,INTEL,0.0013120183486238,10T,0.1015006599025974,2T,0.0001390163113622,4T
STREAM,8000000,3090,0.0001164227770018,gpu_resident,0.0412695530726257,gpu_resident,4.800602780924658e-06,gpu_resident
STREAM,8000000,5060ti,0.0002428559980573,gpu_resident,0.0246636341581756,gpu_resident,5.9855624461018585e-06,gpu_resident
STREAM,8000000,AMD,8.388368542663805e-05,32T,0.023155995866043,32T,1.966296784424242e-06,32T
STREAM,8000000,INTEL,0.0031249561128526,8T,0.2299276766917293,2T,0.0007630202709502,4T
STREAM,16000000,3090,0.0002296336394948,gpu_resident,0.0812964408725602,gpu_resident,1.8668397595539813e-05,gpu_resident
STREAM,16000000,5060ti,0.0004848536112457,gpu_resident,0.0493795443528841,gpu_resident,2.394138365316744e-05,gpu_resident
STREAM,16000000,AMD,0.0035483085106382,10T,0.4171638286219081,10T,0.001469303293958,10T
STREAM,16000000,INTEL,0.0067363724832214,4T,0.4811020912698412,2T,0.003429599059385,4T
STREAM,32000000,3090,0.0004557578587699,gpu_resident,0.1612892938496583,gpu_resident,7.351051651454567e-05,gpu_resident
STREAM,32000000,5060ti,0.0009704689621726,gpu_resident,0.0978553398058252,gpu_resident,9.497065554156411e-05,gpu_resident
STREAM,32000000,AMD,0.0094632264150943,4T,0.9132863018867924,4T,0.0086588719473555,4T
STREAM,32000000,INTEL,0.0138260821917808,4T,0.9793557983870969,2T,0.0144909785096245,4T
STREAM,64000000,3090,0.0009091030881017,gpu_resident,0.3208197093551317,gpu_resident,0.0002916535732239,gpu_resident
STREAM,64000000,5060ti,0.0019405116279069,gpu_resident,0.1960968992248062,gpu_resident,0.0003805283131422,gpu_resident
STREAM,64000000,AMD,0.0187388425925925,4T,1.6901122685185186,4T,0.0316989788981372,4T
STREAM,64000000,INTEL,0.0280920833333333,4T,1.9753091612903224,2T,0.0600688546593402,4T
STREAM,128000000,3090,0.0018103218806509,gpu_resident,0.639745931283906,gpu_resident,0.001158873725075,gpu_resident
STREAM,128000000,5060ti,0.0038822480620155,gpu_resident,0.3926027131782945,gpu_resident,0.0015242648167552,gpu_resident
STREAM,128000000,AMD,0.0370681296296296,4T,3.4010507142857147,4T,0.1259528723605483,4T
STREAM,128000000,INTEL,0.0566616111111111,4T,3.98362475,2T,0.245704735751233,4T
STREAM,256000000,3090,0.0036189025270758,gpu_resident,1.277,gpu_resident,0.0046261653104692,gpu_resident
STREAM,256000000,5060ti,0.0077620465116279,gpu_resident,0.7856279069767442,gpu_resident,0.006097809343609,gpu_resident
STREAM,256000000,AMD,0.0734132142857142,4T,6.815670107142857,4T,0.5002835737877106,4T
STREAM,256000000,INTEL,0.1159725,8T,8.0917723125,2T,1.0275266766398574,4T
STRIDED_GEMM,64,3090,5.265390629524527e-06,gpu_resident,0.0009341966020311,gpu_resident,4.919391837770915e-09,gpu_resident
STRIDED_GEMM,64,5060ti,9.824193706499364e-06,gpu_resident,0.0003301833153612,gpu_resident,3.241224180560288e-09,gpu_resident
STRIDED_GEMM,64,AMD,6.138008702643321e-06,8T,0.0004390853733376,8T,2.693620855628583e-09,8T
STRIDED_GEMM,64,INTEL,2.476036837876259e-06,16T,0.0001315633664435,16T,3.229599081398164e-10,16T
STRIDED_GEMM,128,3090,5.186626183838249e-06,gpu_resident,0.0010086930828564,gpu_resident,5.234266457310598e-09,gpu_resident
STRIDED_GEMM,128,5060ti,9.844514270493175e-06,gpu_resident,0.0004243214979824,gpu_resident,4.177338209321127e-09,gpu_resident
STRIDED_GEMM,128,AMD,1.3358346501653231e-05,4T,0.0015195568035815,4T,2.0253929201305706e-08,4T
STRIDED_GEMM,128,INTEL,1.178946383237596e-05,8T,0.0011816319297914,4T,1.4631661135124886e-08,4T
STRIDED_GEMM,256,3090,7.282658879559572e-06,gpu_resident,0.0021616795683107,gpu_resident,1.5742947946253712e-08,gpu_resident
STRIDED_GEMM,256,5060ti,1.63740113641946e-05,gpu_resident,0.0012476624035895,gpu_resident,2.04331027280577e-08,gpu_resident
STRIDED_GEMM,256,AMD,6.577063919149494e-05,16T,0.0104298685214075,4T,7.718843541403335e-07,16T
STRIDED_GEMM,256,INTEL,3.926455906821964e-05,8T,0.0055139437543533,8T,2.177878856343998e-07,8T
STRIDED_GEMM,512,3090,2.2870950780696337e-05,gpu_resident,0.0075230361588889,gpu_resident,1.7185056457694625e-07,gpu_resident
STRIDED_GEMM,512,5060ti,6.762133198106828e-05,gpu_resident,0.007332893847194,gpu_resident,4.998092197938138e-07,gpu_resident
STRIDED_GEMM,512,AMD,0.0003210643998746,16T,0.0675389177373864,16T,2.168275909047525e-05,16T
STRIDED_GEMM,512,INTEL,0.0002529232124874,16T,0.0398910669031931,8T,1.0301292962434046e-05,16T
STRIDED_GEMM,1024,3090,0.0001221521401243,gpu_resident,0.0405251289432649,gpu_resident,4.94656256546926e-06,gpu_resident
STRIDED_GEMM,1024,5060ti,0.0004506816133393,gpu_resident,0.0562879675529517,gpu_resident,2.536605157483985e-05,gpu_resident
STRIDED_GEMM,1024,AMD,0.0016064703525641,32T,0.4434588682242991,16T,0.0007378120717038,32T
STRIDED_GEMM,1024,INTEL,0.001775143738977,8T,0.2627173336594912,8T,0.0004816048394413,8T
STRIDED_GEMM,2048,3090,0.0007647087155963,gpu_resident,0.2575174506828528,gpu_resident,0.0001971587218874,gpu_resident
STRIDED_GEMM,2048,5060ti,0.0035091747404844,gpu_resident,0.47328125,gpu_resident,0.001661582233947,gpu_resident
STRIDED_GEMM,2048,AMD,0.0083304173553719,64T,1.998782991735537,64T,0.0166475496378321,64T
STRIDED_GEMM,2048,INTEL,0.013799102739726,8T,2.131461861842105,8T,0.0290607425685601,8T
STRIDED_GEMM,4096,3090,0.0055562472222222,gpu_resident,1.798779005524862,gpu_resident,0.009979714305943,gpu_resident
STRIDED_GEMM,4096,5060ti,0.0281295277777777,gpu_resident,3.884069444444444,gpu_resident,0.1092629191994598,gpu_resident
STRIDED_GEMM,4096,AMD,0.0542776052631578,32T,14.17582722222222,64T,0.8247222312194875,32T
STRIDED_GEMM,4096,INTEL,0.1056568,10T,17.423373222222224,8T,1.90173232383973,10T
STRIDED_GEMM,8192,3090,0.041750125,gpu_resident,13.693625,gpu_resident,0.572001785139757,gpu_resident
STRIDED_GEMM,8192,5060ti,0.2234366,gpu_resident,31.0421,gpu_resident,6.953095192819999,gpu_resident
STRIDED_GEMM,8192,AMD,0.4591805,32T,116.35490383333334,64T,55.82766280139056,64T
STRIDED_GEMM,8192,INTEL,0.92879425,10T,144.80790275,8T,138.64133311603737,10T
STRIDED_GEMM,16384,3090,0.332657375,gpu_resident,111.708625,gpu_resident,37.24682131112501,gpu_resident
STRIDED_GEMM,16384,5060ti,1.7920859999999998,gpu_resident,291.865,gpu_resident,522.988512119,gpu_resident
STRIDED_GEMM,16384,AMD,3.469416,32T,921.1224775,64T,3382.1318630827923,64T
STRIDED_GEMM,16384,INTEL,7.504099,10T,1154.6073645,8T,8910.065139680819,8T
